,name,category,cost,rating,num_of_rates,open_hours,Wi-Fi,–î–µ—Å–µ—Ä—Ç,–ü–∞—Ä–∫—É–≤–∞–ª—å–Ω–∏–π –º–∞–π–¥–∞–Ω—á–∏–∫ –¥–ª—è –ª—é–¥–µ–π –Ω–∞ —ñ–Ω–≤–∞–ª—ñ–¥–Ω–∏—Ö –≤—ñ–∑–∫–∞—Ö,–ì–æ–¥–∏–Ω–∏ –∑–Ω–∏–∂–æ–∫ –Ω–∞ —ó–∂—É,–ü—ñ–¥—Ö–æ–¥–∏—Ç—å –¥–ª—è —Å—ñ–º–µ–π–Ω–æ–≥–æ –≤—ñ–¥–ø–æ—á–∏–Ω–∫—É,–ü—ñ–∑–Ω—ñ –≤–µ—á–µ—Ä—ñ,–î–∏—Ç—è—á–µ –º–µ–Ω—é,–Ñ –≤–µ–≥–µ—Ç–∞—Ä—ñ–∞–Ω—Å—å–∫—ñ —Å—Ç—Ä–∞–≤–∏,–î–µ–±–µ—Ç–æ–≤—ñ –∫–∞—Ä—Ç–∫–∏,–°–∞–ª–∞—Ç-–±–∞—Ä,–ü–∏–≤–æ,–ì—Ä—É–ø–æ–≤–∏–π –≤—ñ–¥–ø–æ—á–∏–Ω–æ–∫,–û—Ä–≥–∞–Ω—ñ—á–Ω—ñ —Å—Ç—Ä–∞–≤–∏,–ö–∞–º—ñ–Ω,–û–±—ñ–¥–∏,–û–ø–ª–∞—Ç–∞ –ª–∏—à–µ –≥–æ—Ç—ñ–≤–∫–æ—é,–•–∞–ª—è–ª—å–Ω–∞ —ó–∂–∞,–ó–∞—Ç–∏—à–Ω–µ –º—ñ—Å—Ü–µ,–¢—É–∞–ª–µ—Ç,–ù–µ–≤–∏–º—É—à–µ–Ω–∞ –∞—Ç–º–æ—Å—Ñ–µ—Ä–∞,–ë–∞—Ä,–¢—É–∞–ª–µ—Ç —ñ–∑ –¥–æ—Å—Ç—É–ø–æ–º –¥–ª—è —ñ–Ω–≤–∞–ª—ñ–¥—ñ–≤,–í–∏—Å–æ–∫—ñ —Å—Ç—ñ–ª—å—Ü—ñ,–°–ø–æ—Ä—Ç–∏–≤–Ω—ñ –∑–º–∞–≥–∞–Ω–Ω—è,"–ö–æ–º–ø–∞–Ω—ñ—ó, —è–∫–∏–º–∏ –∫–µ—Ä—É—é—Ç—å –∂—ñ–Ω–∫–∏",–ú–æ–±—ñ–ª—å–Ω—ñ –ø–ª–∞—Ç–µ–∂—ñ —á–µ—Ä–µ–∑ NFC,–î–æ—Å—Ç–∞–≤–∫–∞,–ú—ñ—Å—Ü—è –¥–ª—è —Å–∏–¥—ñ–Ω–Ω—è,–ü—ñ–¥—Ö–æ–¥–∏—Ç—å –¥–ª—è –¥—ñ—Ç–µ–π,–í—Ö—ñ–¥ –¥–ª—è –ª—é–¥–µ–π –Ω–∞ —ñ–Ω–≤–∞–ª—ñ–¥–Ω–∏—Ö –≤—ñ–∑–∫–∞—Ö,–ú—ñ—Å—Ü—è –¥–ª—è –ª—é–¥–µ–π –Ω–∞ —ñ–Ω–≤–∞–ª—ñ–¥–Ω–∏—Ö –≤—ñ–∑–∫–∞—Ö,–ñ–∏–≤–∞ –º—É–∑–∏–∫–∞,–í–µ—á–µ—Ä—ñ,–°–Ω—ñ–¥–∞–Ω–∫–∏,–ö—Ä–µ–¥–∏—Ç–Ω—ñ –∫–∞—Ä—Ç–∫–∏,–õ—ñ—Ç–Ω—ñ–π –º–∞–π–¥–∞–Ω—á–∏–∫,–ß–µ–∫–∏,–í–∏–Ω–æ,–°–º–∞—á–Ω—ñ –∫–æ–∫—Ç–µ–π–ª—ñ
0,–ö–∞–∑–∞–ù –î–∏–≤–∞–ù,–†–µ—Å—Ç–æ—Ä–∞–Ω,$$,"4,6",(1 718),11:00‚Äì00:00,0,0,0,0,0,1,1,1,0,0,0,1,1,0,0,0,0,1,0,1,0,0,0,0,0,0,0,0,1,0,0,0,0,0,0,0,0,0,1
1,–¢–∞—Ä—ñ–ª–∫–∞,–†–µ—Å—Ç–æ—Ä–∞–Ω,$$,"4,6",(1 992),09:00‚Äì23:00,1,1,0,0,1,1,1,1,0,0,1,1,1,0,1,0,0,1,1,1,1,0,0,0,0,0,1,0,1,1,0,1,1,1,1,1,0,1,1
2,–Ü–º–µ–¥—ñ,–†–µ—Å—Ç–æ—Ä–∞–Ω –≥—Ä—É–∑–∏–Ω—Å—å–∫–æ—ó –∫—É—Ö–Ω—ñ,$$,"4,6",(200),11:00‚Äì23:00,0,1,0,0,1,0,0,0,1,0,0,1,0,0,1,0,0,1,1,1,0,0,0,0,0,1,1,0,1,0,0,0,1,1,0,0,0,1,0
3,Dorado Club,–†–µ—Å—Ç–æ—Ä–∞–Ω,$$,"4,2",(562),10:00‚Äì23:00,0,0,0,1,1,1,0,0,0,1,1,1,0,1,0,1,0,1,0,1,1,0,0,0,0,0,0,1,1,1,0,1,0,0,0,0,0,1,1
4,–•–∞—á–∞–ø—É—Ä–∏ –∏ –≤–∏–Ω–æ,–†–µ—Å—Ç–æ—Ä–∞–Ω,$$,"4,5",(1 081),10:00‚Äì23:00,0,0,0,0,0,0,1,1,0,0,1,1,0,0,0,0,0,1,0,1,1,0,0,0,0,0,1,0,1,0,0,0,0,0,0,0,0,1,0
5,–û–ª–∏–≤–∫–∞,–†–µ—Å—Ç–æ—Ä–∞–Ω —ñ—Ç–∞–ª—ñ–π—Å—å–∫–æ—ó –∫—É—Ö–Ω—ñ,$$,"4,6",(1 477),09:00‚Äì01:00,0,0,1,0,0,1,1,1,0,0,1,1,1,0,0,0,0,1,0,1,1,0,0,1,0,0,0,0,1,0,0,0,0,0,0,0,0,1,1
6,D'Wine,–†–µ—Å—Ç–æ—Ä–∞–Ω,$$,"4,4",(254),11:00‚Äì23:00,0,0,0,0,0,0,0,0,0,0,1,1,0,0,0,0,0,1,0,1,1,0,0,0,0,0,0,0,1,0,0,0,0,0,0,0,0,1,1
7,–Ñ–≤—Ä–∞–∑—ñ—è,–†–µ—Å—Ç–æ—Ä–∞–Ω,$$,"4,2",(2 204),10:00‚Äì05:00,0,1,1,1,1,1,1,1,1,0,1,1,0,0,1,0,0,1,1,1,1,0,0,0,0,1,1,1,1,1,1,0,1,1,0,1,0,1,1
8,BOBOTI,–†–µ—Å—Ç–æ—Ä–∞–Ω,$$,"4,3",(587),10:00‚Äì23:00,0,0,0,0,0,0,0,0,0,0,1,1,0,0,0,0,0,1,0,1,1,1,0,0,0,0,0,0,1,1,0,0,0,0,0,0,0,1,1
9,–ú—É—Ä–∞–∫–∞–º–∏: —Å—É—à–∏ –≤ –ö–∏–µ–≤–µ,–†–µ—Å—Ç–æ—Ä–∞–Ω —è–ø–æ–Ω—Å—å–∫–æ—ó –∫—É—Ö–Ω—ñ,$$,"4,2",(573),10:00‚Äì22:00,0,1,0,1,1,0,1,1,1,0,1,1,0,0,1,0,0,1,1,1,1,0,0,0,0,1,1,0,1,0,0,0,1,1,0,0,0,1,0
10,–§–ª–∞–º–±–µ—Ä,–°—ñ–º–µ–π–Ω–∏–π —Ä–µ—Å—Ç–æ—Ä–∞–Ω,$$$,"4,5",(548),12:00‚Äì23:00,0,0,0,0,0,0,0,0,0,0,1,1,0,0,0,0,0,1,0,1,1,0,0,0,0,0,0,0,1,0,0,0,0,0,0,0,0,1,1
11,Argentina Grill,–†–µ—Å—Ç–æ—Ä–∞–Ω,$$$,"4,7",(889),08:00‚Äì00:00,1,1,0,0,1,0,1,0,0,0,1,1,0,0,1,0,0,1,1,1,1,0,0,0,0,0,0,1,1,1,0,0,1,1,0,0,0,1,1
12,–ü–µ—Å—Ç–æ –ö–∞—Ñ–µ,–†–µ—Å—Ç–æ—Ä–∞–Ω,$$,"4,4",(1 296),10:00‚Äì06:00,0,0,0,0,0,0,0,0,0,0,1,1,0,0,0,0,0,1,0,1,1,0,0,0,0,0,1,0,1,0,0,0,0,0,0,0,0,1,1
13,–ì–∞—Ä–Ω–µ –ö–∞—Ñ–µ,–†–µ—Å—Ç–æ—Ä–∞–Ω,$$,"4,3",(299),11:00‚Äì23:00,0,0,0,0,0,0,0,0,0,0,1,1,0,0,0,0,0,1,0,1,1,0,0,0,0,0,0,0,1,0,0,0,0,0,0,0,0,1,0
14,Pivna Duma,–ü–∏–≤–Ω–∏–π –ø–∞–±,$$,"4,6",(3 594),10:00‚Äì00:00,0,1,0,0,0,0,1,0,0,0,1,0,0,0,0,0,0,1,1,1,0,0,0,0,0,0,0,0,0,0,0,0,0,0,1,0,0,0,0
15,–í–µ—Å–µ–ª–∏–π –∫–∞–±–∞–Ω—á–∏–∫,–†–µ—Å—Ç–æ—Ä–∞–Ω —ó–∂—ñ –Ω–∞ –≤–∏–Ω–æ—Å,$$,"4,7",(48),10:00‚Äì21:00,0,0,0,0,0,0,0,0,0,0,0,1,0,0,0,0,0,0,0,1,0,0,0,0,0,0,1,0,1,0,0,0,0,0,0,0,0,0,0
16,Villa Riviera restaurant,–†–µ—Å—Ç–æ—Ä–∞–Ω,$$$,"4,5",(1 684),11:00‚Äì00:00,1,1,1,0,1,1,1,1,1,0,1,1,1,1,1,0,0,1,1,1,1,0,0,0,0,0,0,1,1,1,1,1,1,0,1,1,0,1,1
17,Fish Dash,–†–µ—Å—Ç–æ—Ä–∞–Ω —Å–µ—Ä–µ–¥–∑–µ–º–Ω–æ–º–æ—Ä—Å—å–∫–æ—ó –∫—É—Ö–Ω—ñ,$$,"4,6",(313),12:00‚Äì01:00,1,1,1,1,1,1,0,1,1,0,1,1,1,0,1,0,1,1,1,1,1,0,0,1,0,1,1,1,1,0,1,1,1,1,1,1,1,1,0
18,This is –ü–∏–≤–±–∞—Ä –Ω–∞ –•–∞—Ä–∫—ñ–≤—Å—å–∫–æ–º—É,–ü–∏–≤–Ω–∏–π —Ä–µ—Å—Ç–æ—Ä–∞–Ω,$$,"4,7",(6 826),11:00‚Äì02:00,1,1,0,1,1,1,0,1,1,0,1,1,0,0,1,0,0,1,1,1,1,0,0,1,0,1,1,1,1,1,0,1,1,1,1,1,0,1,1
19,–ì–µ–Ω–∞—Ü–≤–∞–ª—î&–•—ñ–Ω–∫–∞–ª—ñ –ü–æ–∑–Ω—è–∫–∏,–†–µ—Å—Ç–æ—Ä–∞–Ω –≥—Ä—É–∑–∏–Ω—Å—å–∫–æ—ó –∫—É—Ö–Ω—ñ,$$,"4,6",(1 101),12:00‚Äì23:00,1,1,0,1,1,1,1,1,0,0,1,1,0,0,1,0,0,1,0,1,1,0,0,0,0,0,0,1,1,0,0,0,1,1,1,1,0,1,1
20,Family,–°—ñ–º–µ–π–Ω–∏–π —Ä–µ—Å—Ç–æ—Ä–∞–Ω,$$,"4,1",(236),13:00‚Äì00:00,1,0,0,0,1,1,1,1,0,0,1,1,1,0,1,0,1,1,1,1,1,0,1,0,0,1,0,1,1,0,0,1,1,0,1,0,0,1,1
21,–ö–∞–±–∞—á–æ–∫ –Ω–∞ –±–æ—á–æ–∫,–†–µ—Å—Ç–æ—Ä–∞–Ω,$$,"4,5",(1 104),12:00‚Äì00:00,0,0,0,0,0,1,1,1,0,0,1,1,0,0,0,0,0,1,0,1,1,0,0,1,0,0,0,0,1,0,0,0,0,0,0,0,0,1,1
22,TORO Blanco grill&wine,–†–µ—Å—Ç–æ—Ä–∞–Ω,$$,"4,8",(150),14:00‚Äì00:00,0,0,0,0,0,0,0,0,0,0,1,1,0,0,0,0,0,1,0,1,1,0,0,0,0,0,0,0,1,0,0,0,0,0,0,0,0,1,0
23,–ö–æ–ª—Ö—ñ–¥–∞,–†–µ—Å—Ç–æ—Ä–∞–Ω –≥—Ä—É–∑–∏–Ω—Å—å–∫–æ—ó –∫—É—Ö–Ω—ñ,$$,"4,2",(518),12:00‚Äì00:00,0,0,0,0,0,1,1,1,0,0,0,1,1,0,0,0,0,1,0,1,0,0,0,0,0,0,0,0,1,0,0,0,0,0,0,0,0,0,1
24,–ë—Ä—É—Å–∫–µ—Ç–∞ –ü–æ–∑–Ω—è–∫–∏,–†–µ—Å—Ç–æ—Ä–∞–Ω,$$,"4,6",(420),10:00‚Äì23:00,0,0,0,0,0,0,0,0,0,0,1,1,0,0,0,0,0,1,0,1,1,0,0,0,0,0,0,0,1,0,0,0,0,0,0,0,0,1,0
25,–°–∏—Ç–æ-–ø'—è–Ω–æ,–†–µ—Å—Ç–æ—Ä–∞–Ω,$$,"4,6",(602),11:00‚Äì23:00,1,1,0,0,1,1,1,1,0,1,1,1,1,0,1,0,0,1,1,1,1,0,0,1,0,0,1,1,1,0,0,1,1,1,1,1,1,1,1
26,–†–µ—Å—Ç–æ—Ä–∞–Ω ¬´–ú–æ–Ω-–®–µ—Ä¬ª,–†–µ—Å—Ç–æ—Ä–∞–Ω,$$,"4,9",(206),11:00‚Äì02:00,1,1,0,1,1,0,0,0,1,0,1,1,0,0,1,0,0,1,1,1,1,0,0,0,0,0,0,1,1,0,0,1,1,1,0,1,0,1,0
27,–ë–∞–≥—Ä–∞—Ç—ñ–æ–Ω—ñ,–†–µ—Å—Ç–æ—Ä–∞–Ω –≥—Ä—É–∑–∏–Ω—Å—å–∫–æ—ó –∫—É—Ö–Ω—ñ,$$,"3,9",(155),11:00‚Äì23:00,0,0,0,0,0,1,0,0,0,0,0,1,0,0,0,0,0,1,0,1,0,0,0,0,0,0,0,0,1,0,0,0,0,0,0,0,0,0,1
28,–ß–∞—á–∞–ø—É—Ä—ñ,–†–µ—Å—Ç–æ—Ä–∞–Ω,$$,"4,7",(525),11:00‚Äì23:00,0,0,0,0,0,0,0,0,0,0,1,1,0,0,0,0,0,1,0,1,1,0,0,0,0,0,1,0,1,1,0,0,0,0,0,0,0,1,0
29,–ö–æ–∑–∞—á–æ–∫,–†–µ—Å—Ç–æ—Ä–∞–Ω,$$$,"4,2",(463),10:00‚Äì00:00,0,0,0,0,0,1,1,1,0,0,1,1,0,0,0,0,0,1,0,1,1,0,0,1,0,0,0,0,1,0,0,0,0,0,0,0,0,1,1
30,–Ø–ø–æ–Ω–∞–•–∞—Ç–∞ üç£ –ó–∞–∫–∞–∑–∞—Ç—å —Å—É—à–∏ –∏ —Ä–æ–ª–ª—ã –≤ –ö–∏–µ–≤–µ,–†–µ—Å—Ç–æ—Ä–∞–Ω —è–ø–æ–Ω—Å—å–∫–æ—ó –∫—É—Ö–Ω—ñ,$$,"4,2",(658),10:00‚Äì22:00,0,1,0,1,1,0,1,0,1,0,1,1,0,0,1,0,0,1,1,1,0,0,0,0,0,0,1,1,1,0,0,0,1,1,0,0,0,1,0
31,–†–µ—Å—Ç–æ—Ä–∞–Ω –ì—Ä—É–∑–∏–Ω—Å–∫–æ–π –∫—É—Ö–Ω–∏ –ö–í–ï–í–†–ò,–†–µ—Å—Ç–æ—Ä–∞–Ω –≥—Ä—É–∑–∏–Ω—Å—å–∫–æ—ó –∫—É—Ö–Ω—ñ,$$,"4,2",(48),11:00‚Äì23:00,0,0,0,0,0,0,0,0,0,0,0,1,0,0,0,0,0,1,0,1,0,0,0,0,1,0,0,0,1,0,0,0,0,0,0,1,0,0,0
32,"–•–∞—Ç–∞ —Ä–∏–±–∞–∫–∞, –∫–∞—Ñ–µ",–†–µ—Å—Ç–æ—Ä–∞–Ω —É–∫—Ä–∞—ó–Ω—Å—å–∫–æ—ó –∫—É—Ö–Ω—ñ,$$,"4,0",(1 013),11:00‚Äì23:00,0,0,1,0,0,1,1,1,0,0,0,1,1,0,0,0,0,1,0,1,0,0,0,1,0,0,0,0,1,0,1,0,0,0,0,0,0,0,1
33,Bootlegger restaurant & bar,–†–µ—Å—Ç–æ—Ä–∞–Ω,$$$,"4,6",(754),09:00‚Äì23:00,1,1,0,0,0,1,1,1,1,0,1,1,1,0,1,0,0,1,1,1,1,0,1,0,0,1,0,1,1,0,1,0,1,0,1,1,0,1,1
34,–ö–æ–Ω—É–Ω–≥,–†–µ—Å—Ç–æ—Ä–∞–Ω,$$,"4,1",(920),12:00‚Äì05:00,1,1,0,0,0,1,1,1,0,0,1,1,0,1,1,0,0,1,0,1,1,0,1,1,0,1,0,0,1,0,0,1,1,0,0,1,0,1,1
35,Fish Dash,–†–µ—Å—Ç–æ—Ä–∞–Ω —Å–µ—Ä–µ–¥–∑–µ–º–Ω–æ–º–æ—Ä—Å—å–∫–æ—ó –∫—É—Ö–Ω—ñ,$$,"4,6",(313),12:00‚Äì01:00,1,1,1,1,1,1,0,1,1,0,1,1,1,0,1,0,1,1,1,1,1,0,0,1,0,1,1,1,1,0,1,1,1,1,1,1,1,1,0
36,–ü–∏–≤–Ω–∞ –†–µ—Å—Ç–æ—Ä–∞—Ü—ñ—è ¬´–ù–ê–ñ–ò–í–û¬ª,–ü–∏–≤–Ω–∏–π –ø–∞–±,$$,"4,2",(155),11:00‚Äì23:00,0,0,0,0,0,0,0,0,0,0,1,0,0,0,0,0,0,1,1,1,0,0,0,0,0,0,0,0,0,0,0,0,0,0,0,0,0,0,0
37,–î–∞—è–ª,–ü—ñ—Ü–µ—Ä—ñ—è,$$,"4,2",(87),11:00‚Äì22:00,0,0,0,0,0,0,0,0,0,0,0,1,0,0,0,0,0,1,0,1,0,0,0,0,0,0,0,0,1,0,0,0,0,0,0,0,0,0,0
38,Pizza&Pasta TRATTORIA,–†–µ—Å—Ç–æ—Ä–∞–Ω —ñ—Ç–∞–ª—ñ–π—Å—å–∫–æ—ó –∫—É—Ö–Ω—ñ,$$,"4,5",(177),10:00‚Äì22:00,1,1,0,1,1,1,0,1,0,0,1,1,1,0,1,0,0,1,1,1,1,0,1,1,0,0,1,1,1,0,0,0,1,1,0,1,0,1,0
39,–Ñ–≤—Ä–∞–∑—ñ—è,–†–µ—Å—Ç–æ—Ä–∞–Ω —è–ø–æ–Ω—Å—å–∫–æ—ó –∫—É—Ö–Ω—ñ,$$,"4,3",(2 399),11:00‚Äì05:00,0,1,0,1,1,1,1,1,1,0,1,1,0,0,1,0,0,1,1,1,1,0,0,0,0,0,1,1,1,0,0,0,1,0,0,1,0,1,1
40,–¢–∞–≤–µ—Ä–Ω–∞,–†–µ—Å—Ç–æ—Ä–∞–Ω –≥—Ä–µ—Ü—å–∫–æ—ó –∫—É—Ö–Ω—ñ,$$$,"4,4",(1 080),12:00‚Äì23:00,0,1,0,0,0,0,0,0,0,0,1,1,0,0,1,0,0,1,0,1,1,0,0,0,0,0,1,1,1,0,0,1,1,0,0,1,0,1,0
41,Meatbusters,–†–µ—Å—Ç–æ—Ä–∞–Ω,$$,"4,6",(453),12:00‚Äì23:00,0,0,0,0,1,0,0,0,0,0,1,1,0,0,1,1,0,1,0,1,1,0,0,0,0,0,0,1,1,1,0,0,1,1,0,0,0,1,0
42,Spezzo,–†–µ—Å—Ç–æ—Ä–∞–Ω,$$,"4,4",(1 416),10:00‚Äì00:00,0,0,0,0,0,0,1,1,1,0,1,1,0,0,1,0,0,1,0,1,1,0,0,0,0,0,1,1,1,1,0,1,1,1,0,0,0,1,1
43,–†–∏–±–Ω–∞ –ª–∞–≤–∫–∞,–†–µ—Å—Ç–æ—Ä–∞–Ω,$$,"4,6",(1 011),09:00‚Äì23:00,1,0,0,0,1,1,0,0,1,0,1,1,1,0,1,0,0,1,0,1,1,0,0,0,0,1,1,1,1,0,0,0,1,0,0,1,0,1,0
44,VANO IVANO TELBIN Georgian restaurant,–†–µ—Å—Ç–æ—Ä–∞–Ω –≥—Ä—É–∑–∏–Ω—Å—å–∫–æ—ó –∫—É—Ö–Ω—ñ,$$,"4,4",(1 653),11:00‚Äì00:00,1,1,0,0,1,1,1,1,1,1,1,1,1,0,1,1,0,1,1,1,1,0,1,0,0,1,0,1,1,0,0,1,1,1,1,1,0,1,1
45,–ñ–æ–≤—Ç–∏–π –ñ–∏—Ä–∞—Ñ,–°—ñ–º–µ–π–Ω–∏–π —Ä–µ—Å—Ç–æ—Ä–∞–Ω,$$,"4,3",(358),10:00‚Äì22:00,0,0,0,0,0,0,1,1,0,0,0,1,0,0,0,0,0,1,0,1,0,0,0,0,0,0,0,0,1,1,0,0,0,0,0,0,0,0,1
46,This is –ü–∏–≤–±–∞—Ä –Ω–∞ –•–∞—Ä–∫—ñ–≤—Å—å–∫–æ–º—É,–ü–∏–≤–Ω–∏–π —Ä–µ—Å—Ç–æ—Ä–∞–Ω,$$,"4,7",(6 826),11:00‚Äì02:00,1,1,0,1,1,1,0,1,1,0,1,1,0,0,1,0,0,1,1,1,1,0,0,1,0,1,1,1,1,1,0,1,1,1,1,1,0,1,1
47,–í–µ—Ä–∞–Ω–¥–∞,–†–µ—Å—Ç–æ—Ä–∞–Ω,$$$$,"4,6",(1 733),12:00‚Äì00:00,1,1,0,0,1,1,1,1,1,0,1,1,1,0,1,0,0,1,1,1,1,0,0,0,1,0,0,1,1,1,0,1,1,0,1,1,0,1,1
48,Good Chef,–ü—ñ—Ü–µ—Ä—ñ—è,$$,"4,6",(566),10:00‚Äì23:00,0,0,0,0,0,0,0,0,0,0,0,1,0,0,0,0,0,1,0,1,0,0,0,0,0,0,1,0,1,1,0,0,0,0,0,0,0,0,0
49,–ú–∞—è–∫,–†–µ—Å—Ç–æ—Ä–∞–Ω,$$$,"4,6",(1 113),12:00‚Äì00:00,1,1,0,0,1,1,1,0,1,0,1,1,0,1,1,0,0,1,1,1,1,0,1,1,1,1,0,1,1,0,0,1,1,1,0,1,0,1,1
50,"–ö–∞—Ñ–µ-—Å–∏—Ä–æ–≤–∞—Ä–Ω—è ""–ú–∞—Ü–æ–Ωi""",–†–µ—Å—Ç–æ—Ä–∞–Ω –≥—Ä—É–∑–∏–Ω—Å—å–∫–æ—ó –∫—É—Ö–Ω—ñ,$$,"4,6",(1 951),12:00‚Äì23:00,0,0,0,0,0,1,1,1,0,0,0,1,1,0,0,0,0,1,0,1,0,0,0,1,0,0,0,0,1,0,0,0,0,0,0,0,0,0,1
51,–û–¥–µ—Å–∞,–†–µ—Å—Ç–æ—Ä–∞–Ω,$$$,"4,6",(1 785),08:00‚Äì23:00,0,0,0,0,0,0,0,1,0,0,1,1,0,0,0,0,0,1,0,1,1,0,0,0,0,0,0,0,1,0,0,0,0,0,0,0,0,1,1
52,Jan-Shashlik,–†–µ—Å—Ç–æ—Ä–∞–Ω,$$,"4,3",(67),10:00‚Äì21:00,0,0,0,0,0,0,0,0,0,0,0,1,0,0,0,0,0,1,0,1,0,0,0,0,0,0,0,0,1,0,0,0,0,0,0,0,0,0,0
53,Fish Dash,–†–µ—Å—Ç–æ—Ä–∞–Ω —Å–µ—Ä–µ–¥–∑–µ–º–Ω–æ–º–æ—Ä—Å—å–∫–æ—ó –∫—É—Ö–Ω—ñ,$$,"4,6",(313),12:00‚Äì01:00,1,1,1,1,1,1,0,1,1,0,1,1,1,0,1,0,1,1,1,1,1,0,0,1,0,1,1,1,1,0,1,1,1,1,1,1,1,1,0
54,Pesto Cafe,–†–µ—Å—Ç–æ—Ä–∞–Ω —ñ—Ç–∞–ª—ñ–π—Å—å–∫–æ—ó –∫—É—Ö–Ω—ñ,$$,"4,3",(1 778),10:00‚Äì23:00,0,1,0,1,1,0,1,1,1,0,1,1,0,0,1,0,0,1,0,1,1,0,0,0,0,0,1,1,1,1,1,0,1,1,0,1,0,1,0
55,–ê—Ä–∞–≥–≤—ñ,–†–µ—Å—Ç–æ—Ä–∞–Ω –≥—Ä—É–∑–∏–Ω—Å—å–∫–æ—ó –∫—É—Ö–Ω—ñ,$$,"4,4",(55),11:00‚Äì23:00,0,0,0,0,0,0,0,0,0,0,0,1,0,0,0,0,0,1,0,1,0,0,0,0,0,0,0,0,1,0,0,0,0,0,0,0,0,0,0
56,–¢–∞—Ä–∞–Ω—Ç—ñ–Ω–æ,–†–µ—Å—Ç–æ—Ä–∞–Ω —ñ—Ç–∞–ª—ñ–π—Å—å–∫–æ—ó –∫—É—Ö–Ω—ñ,$$,"4,3",(1 479),12:00‚Äì00:00,0,0,0,0,0,1,1,1,0,0,0,1,0,0,0,0,0,1,0,1,0,0,0,1,0,0,1,0,1,0,0,1,0,0,0,1,0,0,1
57,–°—É—à—ñ—è,–†–µ—Å—Ç–æ—Ä–∞–Ω —è–ø–æ–Ω—Å—å–∫–æ—ó –∫—É—Ö–Ω—ñ,$$,"4,3",(1 037),12:00‚Äì23:00,0,1,0,0,0,0,1,1,1,0,1,1,0,0,0,0,0,1,0,1,1,0,0,0,0,0,1,0,1,0,0,0,0,0,0,0,0,1,0
58,–•—ñ–Ω–∫–∞–ª—ñ,–†–µ—Å—Ç–æ—Ä–∞–Ω –≥—Ä—É–∑–∏–Ω—Å—å–∫–æ—ó –∫—É—Ö–Ω—ñ,$$,"4,5",(1 643),11:00‚Äì01:00,1,1,0,0,0,1,0,1,1,0,1,1,0,0,1,0,0,1,1,1,1,0,0,0,0,0,1,1,1,0,0,0,1,0,0,1,0,1,0
59,–£ —Ö—Ä–æ–º–æ–≥–æ –ü–æ–ª–∞,–†–µ—Å—Ç–æ—Ä–∞–Ω —á–µ—Å—å–∫–æ—ó –∫—É—Ö–Ω—ñ,$$,"4,5",(1 639),10:00‚Äì23:00,1,1,0,1,1,1,1,1,1,0,1,1,1,0,1,0,0,1,1,1,1,0,1,0,0,0,0,1,1,0,0,1,1,1,1,1,0,1,1
60,–ë—ñ–≥–æ–ª—ñ,–†–µ—Å—Ç–æ—Ä–∞–Ω —ñ—Ç–∞–ª—ñ–π—Å—å–∫–æ—ó –∫—É—Ö–Ω—ñ,$$$,"4,7",(972),08:00‚Äì00:00,0,1,0,0,1,1,1,1,1,0,0,1,1,0,1,0,0,1,0,1,1,0,0,0,0,0,0,1,1,0,0,0,1,1,1,1,1,1,0
61,–ö—É–≤—à–∏–Ω,–†–µ—Å—Ç–æ—Ä–∞–Ω –≥—Ä—É–∑–∏–Ω—Å—å–∫–æ—ó –∫—É—Ö–Ω—ñ,$$$,"4,6",(2 050),11:00‚Äì00:00,0,0,0,0,0,1,0,1,1,0,0,1,0,0,0,0,0,1,0,1,0,0,0,0,0,0,1,1,1,1,0,1,0,0,1,1,0,0,0
62,–†–µ—Å—Ç–æ—Ä–∞–Ω ‚Äú–ü—Ä–∞–≥–∞‚Äù,–†–µ—Å—Ç–æ—Ä–∞–Ω,$$$$,"4,6",(2 681),09:00‚Äì00:00,1,1,1,0,1,1,1,1,0,0,1,1,1,0,1,0,0,1,1,1,1,0,1,0,0,0,0,1,1,1,1,1,1,1,0,1,0,1,1
63,–®–æ—Ç—ñ,–†–µ—Å—Ç–æ—Ä–∞–Ω –≥—Ä—É–∑–∏–Ω—Å—å–∫–æ—ó –∫—É—Ö–Ω—ñ,$$$,"4,7",(1 357),12:00‚Äì23:00,1,1,0,0,1,1,0,1,0,0,0,1,0,1,1,0,0,1,1,1,0,0,0,0,0,1,0,1,1,1,0,0,1,0,1,1,0,1,0
64,"–†–µ—Å—Ç–æ—Ä–∞–Ω-–ø—ñ—Ü–µ—Ä—ñ—è ""il Molino""",–ü—ñ—Ü–µ—Ä—ñ—è,$$,"4,4",(1 154),11:00‚Äì23:00,1,1,0,1,1,0,1,1,0,0,1,1,1,0,1,0,0,1,1,1,0,0,0,0,0,0,1,1,1,1,0,0,1,0,1,0,0,1,1
65,–ü–µ—Ä–≤–∞–∫,–†–µ—Å—Ç–æ—Ä–∞–Ω —É–∫—Ä–∞—ó–Ω—Å—å–∫–æ—ó –∫—É—Ö–Ω—ñ,$$,"4,6",(4 238),11:00‚Äì00:00,0,1,0,0,1,0,0,0,0,0,1,1,1,1,1,0,0,1,1,1,0,0,0,1,0,0,0,1,1,0,0,1,1,0,1,1,0,1,0
66,–ö–æ–ª–∏–±–∞,–†–µ—Å—Ç–æ—Ä–∞–Ω —É–∫—Ä–∞—ó–Ω—Å—å–∫–æ—ó –∫—É—Ö–Ω—ñ,$$,"4,5",(535),12:00‚Äì00:00,0,0,0,0,0,1,1,0,0,0,1,1,1,0,0,0,0,1,0,1,1,0,0,1,0,0,0,0,1,1,0,0,0,0,0,0,0,1,0
67,–°—É—à–∏ wok,–†–µ—Å—Ç–æ—Ä–∞–Ω —Å—É—à—ñ,$$,"3,9",(425),10:00‚Äì23:00,0,1,0,0,0,0,1,1,1,0,1,1,0,0,1,1,0,1,0,1,0,0,1,0,0,1,1,0,1,0,0,0,1,1,0,0,0,0,0
68,Fish Dash,–†–µ—Å—Ç–æ—Ä–∞–Ω —Å–µ—Ä–µ–¥–∑–µ–º–Ω–æ–º–æ—Ä—Å—å–∫–æ—ó –∫—É—Ö–Ω—ñ,$$,"4,6",(313),12:00‚Äì01:00,1,1,1,1,1,1,0,1,1,0,1,1,1,0,1,0,1,1,1,1,1,0,0,1,0,1,1,1,1,0,1,1,1,1,1,1,1,1,0
69,–°–º–æ—Ä–æ–¥–∏–Ω–∞,–†–µ—Å—Ç–æ—Ä–∞–Ω –º'—è—Å–Ω–∏—Ö —Å—Ç—Ä–∞–≤,$$$,"4,4",(1 976),12:00‚Äì00:00,1,1,0,1,1,1,1,0,1,0,1,1,1,0,1,0,0,1,1,1,0,0,1,0,1,0,0,1,1,0,0,0,1,0,1,1,0,1,1
70,–ü–æ–≥—Ä–µ–º—É—à–∫–∞,–†–µ—Å—Ç–æ—Ä–∞–Ω,$$,"4,6",(697),09:30‚Äì23:00,1,1,1,1,1,1,0,0,1,0,1,1,0,0,1,0,0,1,1,1,1,0,1,1,0,1,0,1,1,0,0,1,1,1,1,1,0,1,1
71,–ñ–∏—Ç—Ç—è —á—É–¥–æ–≤–∏—Ö –ª—é–¥–µ–π -–ñ–ß–õ,–†–µ—Å—Ç–æ—Ä–∞–Ω,$$$,"4,7",(2 248),08:00‚Äì00:00,1,1,0,0,1,1,1,1,1,0,1,1,1,0,1,0,0,1,1,1,1,0,1,0,0,0,0,1,1,0,0,0,1,1,1,1,0,1,1
72,–¶–∞—Ä—Å—å–∫–µ —Å–µ–ª–æ,–†–µ—Å—Ç–æ—Ä–∞–Ω —É–∫—Ä–∞—ó–Ω—Å—å–∫–æ—ó –∫—É—Ö–Ω—ñ,$$$,"4,5",(1 475),09:00‚Äì01:00,0,0,0,0,0,0,0,1,0,0,0,1,0,0,0,0,0,1,0,1,0,0,0,0,0,0,0,0,1,0,0,0,0,0,0,0,0,0,0
73,–ö—É—Ä–µ–Ω—ñ,–†–µ—Å—Ç–æ—Ä–∞–Ω —É–∫—Ä–∞—ó–Ω—Å—å–∫–æ—ó –∫—É—Ö–Ω—ñ,$$$,"4,4",(515),12:00‚Äì01:00,0,0,0,0,0,0,0,1,0,0,0,1,0,0,0,0,0,1,0,1,0,0,0,0,0,0,0,0,1,0,0,0,0,0,0,0,0,0,1
74,Bassano Ristorante,–†–µ—Å—Ç–æ—Ä–∞–Ω —Å–µ—Ä–µ–¥–∑–µ–º–Ω–æ–º–æ—Ä—Å—å–∫–æ—ó –∫—É—Ö–Ω—ñ,$$$,"4,7",(482),12:00‚Äì23:00,0,1,0,0,0,0,1,1,0,0,0,1,1,0,1,0,0,1,0,1,0,0,0,0,0,0,1,1,1,0,0,0,1,1,0,0,0,1,0
75,Va Bene bistro,–†–µ—Å—Ç–æ—Ä–∞–Ω —ñ—Ç–∞–ª—ñ–π—Å—å–∫–æ—ó –∫—É—Ö–Ω—ñ,$$$,"4,4",(216),10:00‚Äì00:00,0,0,0,0,0,0,0,0,0,0,0,1,0,0,0,0,0,1,0,1,0,0,0,0,0,0,0,0,1,0,0,0,0,0,0,0,0,0,0
76,–•—É—Ç–æ—Ä–µ—Ü—å –Ω–∞ –î–Ω—ñ–ø—Ä—ñ,–†–µ—Å—Ç–æ—Ä–∞–Ω —É–∫—Ä–∞—ó–Ω—Å—å–∫–æ—ó –∫—É—Ö–Ω—ñ,$$$,"4,7",(2 583),11:00‚Äì00:00,0,0,0,0,0,0,0,1,0,0,0,1,1,0,0,0,0,1,0,1,0,0,0,0,0,0,0,0,1,0,1,0,0,0,1,0,0,0,1
77,Catch Seafood Restaurant,–†–∏–±–Ω–∏–π —Ä–µ—Å—Ç–æ—Ä–∞–Ω,$$$$,"4,6",(604),11:00‚Äì00:00,1,0,0,0,1,0,0,1,0,0,0,1,1,0,1,0,0,1,1,1,0,0,1,0,0,0,1,1,1,0,0,1,1,0,0,0,0,1,0
78,–ö–æ—Ä–æ–ª—ñ,–°—ñ–º–µ–π–Ω–∏–π —Ä–µ—Å—Ç–æ—Ä–∞–Ω,$$,"4,4",(622),12:00‚Äì00:00,1,1,0,0,1,1,1,1,0,0,1,1,1,0,1,0,0,1,0,1,1,0,0,0,0,1,0,0,1,1,0,0,1,0,1,1,0,1,1
79,–°—É—à—ñ 24,–†–µ—Å—Ç–æ—Ä–∞–Ω —Å—É—à—ñ,$$,"4,0",(369),10:00‚Äì03:00,0,0,0,0,0,0,0,0,0,0,0,0,0,0,0,0,0,0,0,1,0,0,0,0,0,0,1,0,1,0,0,0,0,0,0,0,0,0,0
80,–í—ñ—Å–∫—ñ –ö–æ—Ä–Ω–µ—Ä,–†–µ—Å—Ç–æ—Ä–∞–Ω —à–æ—Ç–ª–∞–Ω–¥—Å—å–∫–æ—ó –∫—É—Ö–Ω—ñ,$$$$,"4,7",(1 255),12:00‚Äì00:00,0,1,0,0,0,1,1,0,1,0,1,1,0,0,1,0,0,1,0,1,1,0,0,0,0,1,0,1,0,0,0,1,1,0,1,1,0,1,1
81,Kebab Dash,–•–∞–ª—è–ª—å–Ω–∏–π —Ä–µ—Å—Ç–æ—Ä–∞–Ω,$$,"4,7",(1 410),09:00‚Äì01:00,0,0,0,0,0,0,0,0,0,0,0,1,0,0,0,0,1,1,0,1,0,0,0,0,0,0,1,0,1,0,0,0,0,0,0,0,0,0,0
82,–ß–µ—Ä–Ω–æ–º–æ—Ä–∫–∞ –ö–Ω—è–∂–∏–π –ó–∞—Ç–æ–Ω,–†–µ—Å—Ç–æ—Ä–∞–Ω,$$,"4,5",(993),09:00‚Äì23:00,0,0,0,0,0,0,0,0,0,0,1,1,0,0,0,0,0,1,0,1,1,0,0,0,0,0,1,0,1,0,0,0,0,0,0,0,0,1,0
83,"—Ä–µ—Å—Ç–æ—Ä–∞–Ω ""–§–∞–µ—Ç–æ–Ω""",–†–µ—Å—Ç–æ—Ä–∞–Ω —Å—Ö—ñ–¥–Ω–æ—î–≤—Ä–æ–ø–µ–π—Å—å–∫–æ—ó –∫—É—Ö–Ω—ñ,$$,"3,9",(66),11:00‚Äì23:00,0,0,0,1,1,1,0,0,0,1,1,1,0,0,1,1,1,1,1,1,0,0,0,0,0,0,0,1,1,0,0,0,1,0,0,1,0,0,0
84,–ê—Ä—ñ—Ä–∞–Ω–≥,–†–µ—Å—Ç–æ—Ä–∞–Ω –∫–æ—Ä–µ–π—Å—å–∫–æ—ó –∫—É—Ö–Ω—ñ,$$,"4,6",(1 046),11:00‚Äì22:00,0,1,0,1,1,1,0,0,0,1,0,1,1,0,1,1,0,1,1,1,0,0,0,0,0,0,1,1,1,0,0,0,1,1,0,0,0,0,0
85,Fish Dash,–†–µ—Å—Ç–æ—Ä–∞–Ω —Å–µ—Ä–µ–¥–∑–µ–º–Ω–æ–º–æ—Ä—Å—å–∫–æ—ó –∫—É—Ö–Ω—ñ,$$,"4,6",(313),12:00‚Äì01:00,1,1,1,1,1,1,0,1,1,0,1,1,1,0,1,0,1,1,1,1,1,0,0,1,0,1,1,1,1,0,1,1,1,1,1,1,1,1,0
86,Matisse,–†–µ—Å—Ç–æ—Ä–∞–Ω —Å—É—á–∞—Å–Ω–æ—ó —î–≤—Ä–æ–ø–µ–π—Å—å–∫–æ—ó –∫—É—Ö–Ω—ñ,$$$,"4,7",(315),07:00‚Äì00:00,0,0,0,0,0,0,0,0,0,0,0,1,0,0,0,0,0,1,0,1,0,0,0,0,0,0,0,0,1,0,0,0,0,0,0,0,0,0,0
87,–ì—ñ—Ä—á–∏—Ü—è,–†–µ—Å—Ç–æ—Ä–∞–Ω –≤–∏—Å–æ–∫–æ—ó —Ñ—Ä–∞–Ω—Ü—É–∑—å–∫–æ—ó –∫—É—Ö–Ω—ñ,$$$,"4,5",(265),08:00‚Äì23:00,0,0,0,0,0,0,0,0,0,0,0,1,0,0,0,0,0,1,0,1,0,0,0,0,0,0,0,0,1,0,0,0,0,0,0,0,0,0,0
88,Halal,–û–±—ñ–¥–Ω—ñ–π —Ä–µ—Å—Ç–æ—Ä–∞–Ω,$$,"4,5",(177),09:00‚Äì18:00,0,0,0,0,0,0,0,0,0,0,0,1,0,0,0,0,0,0,0,1,0,0,0,0,0,0,0,0,1,0,0,0,0,0,0,0,0,0,0
89,CHI by Decadence House,–†–µ—Å—Ç–æ—Ä–∞–Ω,$$$$,"4,2",(1 244),13:00‚Äì04:00,0,0,0,0,0,1,0,1,0,0,1,1,1,0,0,0,0,1,0,1,1,0,0,1,0,0,0,0,0,0,0,0,0,0,0,0,0,1,1
90,–°–∞–ø–µ—Ä–∞–≤—ñ,–†–µ—Å—Ç–æ—Ä–∞–Ω –≥—Ä—É–∑–∏–Ω—Å—å–∫–æ—ó –∫—É—Ö–Ω—ñ,$$,"4,7",(770),12:00‚Äì23:00,0,1,0,0,1,1,1,1,0,0,1,1,1,1,1,0,0,1,0,1,1,0,0,0,0,0,0,1,1,0,0,1,1,0,0,1,0,1,0
91,–°—É—à–∏ –±–∞—Ä –†–∏—Å & –†—ã–±–∞,–†–µ—Å—Ç–æ—Ä–∞–Ω —Å—É—à—ñ,$$,"4,5",(308),10:00‚Äì22:00,0,0,0,0,0,0,0,0,0,0,0,1,0,0,0,0,0,0,0,1,0,0,0,0,0,0,1,0,1,0,0,0,0,0,0,0,0,0,0
92,–†–∏–±–Ω–∏–π –ë–∞–∑–∞—Ä,–†–∏–±–Ω–∏–π —Ä–µ—Å—Ç–æ—Ä–∞–Ω,$$$,"4,5",(609),09:00‚Äì23:00,0,0,0,0,0,0,0,0,0,0,1,1,0,0,0,0,0,1,0,1,1,0,0,0,0,0,0,0,1,0,0,0,0,0,0,0,0,1,0
93,Vero Vero,–†–µ—Å—Ç–æ—Ä–∞–Ω —ñ—Ç–∞–ª—ñ–π—Å—å–∫–æ—ó –∫—É—Ö–Ω—ñ,$$$,"4,6",(1 811),08:00‚Äì00:00,0,1,0,0,1,1,0,1,1,0,0,1,1,1,0,0,0,1,1,1,1,0,0,0,0,0,1,1,1,1,0,1,1,1,1,1,1,1,1
94,–†—É–∫–∫–æ–ª–∞,–†–µ—Å—Ç–æ—Ä–∞–Ω —ñ—Ç–∞–ª—ñ–π—Å—å–∫–æ—ó –∫—É—Ö–Ω—ñ,$$,"4,1",(1 504),10:00‚Äì00:00,0,1,0,0,1,1,1,1,1,1,1,1,0,0,1,0,1,1,1,1,1,0,0,0,0,0,1,1,1,0,0,0,1,1,0,0,0,1,0
95,–¢—Ä–∏ –≤–∏–¥–µ–ª–∫–∏,–†–µ—Å—Ç–æ—Ä–∞–Ω —É–∫—Ä–∞—ó–Ω—Å—å–∫–æ—ó –∫—É—Ö–Ω—ñ,$$$,"4,3",(554),09:00‚Äì00:00,0,0,0,0,0,0,0,0,0,0,0,1,0,0,0,0,0,1,0,1,0,0,0,0,0,0,1,0,1,0,0,0,0,0,0,0,0,0,0
96,Green Garden lounge&terrace,–†–µ—Å—Ç–æ—Ä–∞–Ω,$$,"4,6",(491),12:00‚Äì00:00,0,0,0,0,0,0,0,0,0,0,1,1,0,0,0,0,0,1,0,1,1,0,0,0,0,0,0,0,1,0,0,0,0,0,0,0,0,1,1
97,Fabius Restaurant,–†–µ—Å—Ç–æ—Ä–∞–Ω —ñ—Ç–∞–ª—ñ–π—Å—å–∫–æ—ó –∫—É—Ö–Ω—ñ,$$$$,"4,7",(1 208),11:00‚Äì02:00,0,1,0,0,1,1,1,1,1,0,1,1,1,1,1,0,0,1,0,1,1,0,0,0,0,0,1,1,1,0,0,1,1,0,0,1,0,1,0
98,RONIN,–†–µ—Å—Ç–æ—Ä–∞–Ω,$$$,"4,5",(1 473),11:00‚Äì23:00,1,1,1,0,1,1,0,1,0,0,1,1,1,0,1,0,0,1,1,1,1,0,1,0,1,0,0,1,1,0,0,1,1,0,1,1,1,1,1
99,Spezzo,–†–µ—Å—Ç–æ—Ä–∞–Ω,$$,"4,4",(798),10:00‚Äì00:00,0,0,0,0,0,0,0,0,0,0,1,1,0,0,0,0,0,1,0,1,1,0,0,0,0,0,0,0,1,0,0,0,0,0,0,0,0,1,0
100,–®–∞—à–ª–∏–∫'—è–Ω,–†–µ—Å—Ç–æ—Ä–∞–Ω —ó–∂—ñ –Ω–∞ –≤–∏–Ω–æ—Å,$$,"4,5",(342),10:00‚Äì22:00,0,0,0,0,0,0,0,0,0,0,0,1,0,0,0,0,0,0,0,1,0,0,0,0,0,0,1,0,1,0,0,0,0,0,0,0,0,0,0
101,–ú–∞—è—á–æ–∫,–†–µ—Å—Ç–æ—Ä–∞–Ω,$$$,"4,7",(844),12:00‚Äì22:00,1,1,0,0,1,1,1,0,0,0,1,1,1,1,1,0,0,1,1,1,1,0,1,0,1,0,0,1,1,1,0,1,1,0,0,1,1,1,1
102,–°—É–ª—É–≥—É–Ω—ñ,–†–µ—Å—Ç–æ—Ä–∞–Ω –≥—Ä—É–∑–∏–Ω—Å—å–∫–æ—ó –∫—É—Ö–Ω—ñ,$$,"4,6",(1 011),11:00‚Äì23:00,1,1,1,0,1,0,0,1,0,0,0,1,0,0,1,0,0,1,1,1,0,0,0,0,0,0,0,0,1,1,0,1,1,0,0,1,0,1,0
103,Fish Dash,–†–µ—Å—Ç–æ—Ä–∞–Ω —Å–µ—Ä–µ–¥–∑–µ–º–Ω–æ–º–æ—Ä—Å—å–∫–æ—ó –∫—É—Ö–Ω—ñ,$$,"4,6",(313),12:00‚Äì01:00,1,1,1,1,1,1,0,1,1,0,1,1,1,0,1,0,1,1,1,1,1,0,0,1,0,1,1,1,1,0,1,1,1,1,1,1,1,1,0
104,–°–ø–æ—Ç–∏–∫–∞—á,–†–µ—Å—Ç–æ—Ä–∞–Ω —É–∫—Ä–∞—ó–Ω—Å—å–∫–æ—ó –∫—É—Ö–Ω—ñ,$$,"4,6",(1 392),11:00‚Äì00:00,0,0,0,0,0,0,0,1,1,0,1,1,0,0,0,0,0,1,0,1,0,0,0,0,0,0,0,0,1,0,0,0,0,0,0,0,0,1,0
105,–¢–∞–¥—ñ—Å,–†–µ—Å—Ç–æ—Ä–∞–Ω —î–≤—Ä–æ–ø–µ–π—Å—å–∫–æ—ó –∫—É—Ö–Ω—ñ,$$,"4,1",(358),11:00‚Äì23:00,1,1,0,0,1,0,1,0,1,0,1,1,0,0,1,1,0,1,1,1,1,0,1,0,0,0,0,1,1,0,0,0,1,0,0,0,0,1,1
106,–ê–º—Å—Ç–µ—Ä –î–∞–º—Å—Ç–µ—Ä,–†–µ—Å—Ç–æ—Ä–∞–Ω,$$,"4,6",(1 481),10:00‚Äì23:00,1,1,0,0,1,1,1,1,1,0,1,1,1,0,1,0,0,1,1,1,1,0,0,0,0,1,0,1,1,0,0,0,1,1,1,1,0,1,1
107,SpicyNoSpicy,–†–µ—Å—Ç–æ—Ä–∞–Ω,$$$,"4,7",(483),12:00‚Äì00:00,0,0,0,0,0,0,0,0,0,0,1,1,0,0,0,0,0,1,0,1,1,0,0,0,0,0,0,0,1,0,0,0,0,0,0,0,0,1,1
108,BARVY,–†–µ—Å—Ç–æ—Ä–∞–Ω —É–∫—Ä–∞—ó–Ω—Å—å–∫–æ—ó –∫—É—Ö–Ω—ñ,$$,"4,6",(1 956),10:00‚Äì23:00,1,1,0,0,1,1,1,0,0,0,0,1,1,0,1,0,0,1,1,1,0,0,0,0,0,0,0,1,1,0,0,1,1,1,1,1,0,1,0
109,–Ñ–≤—Ä–∞–∑—ñ—è,–†–µ—Å—Ç–æ—Ä–∞–Ω —è–ø–æ–Ω—Å—å–∫–æ—ó –∫—É—Ö–Ω—ñ,$$,"4,2",(1 122),11:00‚Äì23:00,0,0,0,1,0,0,1,1,1,0,1,1,0,0,1,0,0,1,1,1,1,0,0,0,0,0,1,1,1,0,0,0,1,0,0,0,0,1,0
110,Oxota na Ovets / –û—Ö–æ—Ç–∞ –Ω–∞ –æ–≤–µ—Ü,–†–µ—Å—Ç–æ—Ä–∞–Ω –∞–∑—ñ–π—Å—å–∫–æ—ó –∫—É—Ö–Ω—ñ,$$$,"4,6",(1 403),10:00‚Äì22:00,0,0,0,0,0,0,0,0,0,0,0,1,0,0,0,0,0,1,0,1,0,0,0,0,0,0,0,0,1,0,0,0,0,0,0,0,0,0,0
111,VANO IVANO Megobari,–†–µ—Å—Ç–æ—Ä–∞–Ω –≥—Ä—É–∑–∏–Ω—Å—å–∫–æ—ó –∫—É—Ö–Ω—ñ,$$,"4,4",(231),10:00‚Äì23:00,0,1,0,0,1,1,0,0,0,0,0,1,0,0,1,0,0,1,1,1,1,0,1,0,0,1,0,1,1,0,0,0,1,1,1,1,0,1,0
112,–†—ñ—à–µ–ª—å—î,–†–µ—Å—Ç–æ—Ä–∞–Ω,$$$,"4,3",(184),09:00‚Äì23:00,0,0,0,0,0,0,0,0,0,0,1,1,0,0,0,0,0,1,0,1,1,0,0,0,0,0,1,0,1,0,0,0,0,0,0,0,0,1,1
113,Mercato Italiano,–†–µ—Å—Ç–æ—Ä–∞–Ω —ñ—Ç–∞–ª—ñ–π—Å—å–∫–æ—ó –∫—É—Ö–Ω—ñ,$$$,"4,4",(681),10:00‚Äì23:00,1,1,0,0,1,1,0,1,0,0,1,1,1,0,1,0,0,1,1,1,1,1,1,0,1,0,0,1,1,1,1,0,1,1,1,1,0,1,0
114,Buddha-bar Kyiv,–†–µ—Å—Ç–æ—Ä–∞–Ω,$$$,"4,4",(1 103),–í—ñ–¥–∫—Ä–∏–≤. –æ 18:00,0,0,0,0,0,0,0,0,0,0,1,1,0,0,0,0,0,1,0,1,1,0,0,0,0,0,0,0,0,0,0,0,0,0,0,0,0,1,1
115,Positano,–ü—ñ—Ü–µ—Ä—ñ—è,$$,"4,6",(1 054),09:00‚Äì23:00,1,1,1,0,1,0,1,1,1,0,1,1,1,0,1,0,0,1,1,1,0,0,0,0,0,0,0,1,1,1,1,0,1,1,1,1,0,1,1
116,–†—É–∫–∫–æ–ª–∞ –û–ª—ñ–º–ø—ñ–π—Å—å–∫–∞,–†–µ—Å—Ç–æ—Ä–∞–Ω,$$,"4,1",(507),09:00‚Äì00:00,1,0,0,0,1,0,0,0,0,0,1,1,0,0,1,0,0,1,0,1,1,0,1,0,0,0,1,1,1,0,0,0,1,1,0,0,0,1,0
117,–†—ã–±–∞LOVE,–†–∏–±–Ω–∏–π —Ä–µ—Å—Ç–æ—Ä–∞–Ω,$$,"4,5",(686),11:00‚Äì22:00,0,0,0,0,0,0,0,0,0,0,1,1,0,0,0,0,0,1,0,1,1,0,0,0,0,0,0,0,1,0,0,0,0,0,0,0,0,1,1
118,Fish Dash,–†–µ—Å—Ç–æ—Ä–∞–Ω —Å–µ—Ä–µ–¥–∑–µ–º–Ω–æ–º–æ—Ä—Å—å–∫–æ—ó –∫—É—Ö–Ω—ñ,$$,"4,6",(313),12:00‚Äì01:00,1,1,1,1,1,1,0,1,1,0,1,1,1,0,1,0,1,1,1,1,1,0,0,1,0,1,1,1,1,0,1,1,1,1,1,1,1,1,0
119,–†—É—à–Ω–∏—á–æ–∫,–†–µ—Å—Ç–æ—Ä–∞–Ω —É–∫—Ä–∞—ó–Ω—Å—å–∫–æ—ó –∫—É—Ö–Ω—ñ,$$,"4,1",(373),11:00‚Äì23:00,0,0,0,0,0,0,1,1,0,0,0,1,0,0,0,0,0,1,0,1,0,0,0,0,0,0,0,0,1,0,0,0,0,0,0,0,0,0,0
120,–°—Ç–∞—Ä–æ–º–∞–∫,–†–µ—Å—Ç–æ—Ä–∞–Ω —á–µ—Å—å–∫–æ—ó –∫—É—Ö–Ω—ñ,$$,"4,6",(1 552),10:00‚Äì00:00,1,1,0,1,1,1,1,1,1,0,1,1,1,0,1,0,0,1,1,1,1,0,0,1,0,0,0,1,1,0,0,1,1,1,1,1,0,1,0
121,Tequila House,–†–µ—Å—Ç–æ—Ä–∞–Ω –º–µ–∫—Å–∏–∫–∞–Ω—Å—å–∫–æ—ó –∫—É—Ö–Ω—ñ,$$$,"4,4",(1 323),11:00‚Äì23:00,0,0,0,0,0,0,0,0,0,0,0,1,0,0,0,0,0,1,0,1,0,0,0,0,0,0,0,0,1,0,0,0,0,0,0,0,0,0,0
122,–¢–µ—Ä–µ–º–æ–∫,–†–µ—Å—Ç–æ—Ä–∞–Ω,$$,"3,9",(34),11:00‚Äì04:00,0,0,0,0,0,0,0,0,0,0,1,1,0,0,0,0,0,1,0,1,1,0,0,0,0,0,0,0,1,0,0,0,0,0,0,0,0,1,0
123,–¢—é–±–µ—Ç–µ–π–∫–∞,–†–µ—Å—Ç–æ—Ä–∞–Ω —É–∑–±–µ—Ü—å–∫–æ—ó –∫—É—Ö–Ω—ñ,$$,"4,4",(1 312),11:00‚Äì23:00,1,1,0,0,1,0,1,0,1,0,1,1,1,0,1,0,0,1,1,1,1,0,0,1,0,0,1,1,1,0,0,0,1,1,0,1,1,1,1
124,NƒÇM,–†–µ—Å—Ç–æ—Ä–∞–Ω –≤'—î—Ç–Ω–∞–º—Å—å–∫–æ—ó –∫—É—Ö–Ω—ñ,$$$,"4,7",(752),08:00‚Äì00:00,0,0,0,0,0,0,0,0,0,0,0,1,0,0,0,0,0,1,0,1,0,0,0,0,0,0,0,0,1,0,0,0,0,0,0,0,0,0,0
125,–¢—ñ - –ê—Ä—Ç,–ì—Ä–∏–ª—å-–±–∞—Ä,$$,"4,2",(485),11:00‚Äì23:30,0,0,0,0,1,0,1,0,0,0,1,1,1,0,0,1,0,1,0,1,1,0,1,0,0,0,0,1,1,0,0,1,0,0,0,1,0,1,1
126,"–†–µ—Å—Ç–æ-–ø–∞–± ""–ë—É–ª–∞–≤–∞""",–ü–∞–±,$$,"4,2",(75),–í—ñ–¥–∫—Ä–∏—Ç–æ 24 –≥–æ–¥–∏–Ω–∏,0,0,0,0,0,0,0,0,0,0,1,1,0,0,0,0,0,1,1,1,0,0,0,0,0,0,0,0,0,0,0,0,0,0,0,0,0,1,0
127,–°—É—à—ñ—è,–†–µ—Å—Ç–æ—Ä–∞–Ω —è–ø–æ–Ω—Å—å–∫–æ—ó –∫—É—Ö–Ω—ñ,$$,"4,2",(365),12:00‚Äì23:00,0,1,1,0,0,0,1,1,1,0,1,1,0,0,1,0,0,1,0,1,0,0,0,0,0,0,1,0,1,1,0,0,0,0,0,0,0,1,1
128,–ö–æ—Å–º–æ–ø–æ–ª—ñ—Ç,–ü–∏–≤–Ω–∏–π —Ä–µ—Å—Ç–æ—Ä–∞–Ω,$$,"4,4",(432),11:00‚Äì01:00,1,1,1,0,1,1,1,1,0,0,1,1,1,0,1,0,0,1,1,1,1,1,1,1,0,0,0,0,1,1,1,1,1,1,1,1,0,1,1
129,–ó–∞ –¥–≤–æ–º–∞ –∑–∞–π—Ü—è–º–∏,–†–µ—Å—Ç–æ—Ä–∞–Ω —É–∫—Ä–∞—ó–Ω—Å—å–∫–æ—ó –∫—É—Ö–Ω—ñ,$$$,"4,7",(811),11:00‚Äì23:00,1,1,0,1,1,1,1,1,1,0,1,1,1,1,1,0,1,1,1,1,1,0,1,0,0,1,0,1,1,0,0,1,1,1,1,1,1,1,0
130,–ö–∞–Ω–∞–ø–∫–∞-–±–∞—Ä,–†–µ—Å—Ç–æ—Ä–∞–Ω,$$,"4,7",(1 377),10:00‚Äì23:55,0,0,0,0,0,0,0,0,0,0,1,1,0,0,0,0,0,1,0,1,1,0,0,0,0,0,0,0,1,0,0,0,0,0,0,0,0,1,0
131,–ú–æ–Ω –®–µ—Ä,–†–µ—Å—Ç–æ—Ä–∞–Ω –ª—ñ–≤–∞–Ω—Å—å–∫–æ—ó –∫—É—Ö–Ω—ñ,$$,"4,6",(2 258),10:00‚Äì02:00,0,0,0,0,0,0,0,1,0,0,0,1,0,0,0,0,0,1,0,1,0,0,0,0,0,0,0,0,1,0,0,0,0,0,0,0,0,0,1
132,Touch cafe,–†–µ—Å—Ç–æ—Ä–∞–Ω –∞–∑—ñ–∞—Ç—Å—å–∫–æ—ó —Ñ—å—é–∂–Ω-–∫—É—Ö–Ω—ñ,$$$,"4,4",(546),12:00‚Äì02:00,0,0,0,0,0,0,0,0,0,0,0,1,0,0,0,0,0,1,0,1,0,0,0,0,0,0,0,0,0,0,0,0,0,0,0,0,0,0,0
133,–©–∞—Å—Ç—è,–†–µ—Å—Ç–æ—Ä–∞–Ω,$$,"4,6",(873),10:00‚Äì23:00,1,1,0,0,1,1,1,1,0,0,1,1,0,1,1,0,0,1,1,1,1,0,0,1,0,0,0,1,1,1,0,0,1,1,1,1,0,1,1
134,Prynada Ukrainian Cafe,–†–µ—Å—Ç–æ—Ä–∞–Ω —É–∫—Ä–∞—ó–Ω—Å—å–∫–æ—ó –∫—É—Ö–Ω—ñ,$$,"4,6",(1 161),12:00‚Äì01:00,0,1,0,0,1,1,1,1,0,0,1,1,1,0,1,0,0,1,0,1,0,0,0,0,0,0,0,1,1,0,0,1,1,1,0,1,0,1,0
135,Fish Dash,–†–µ—Å—Ç–æ—Ä–∞–Ω —Å–µ—Ä–µ–¥–∑–µ–º–Ω–æ–º–æ—Ä—Å—å–∫–æ—ó –∫—É—Ö–Ω—ñ,$$,"4,6",(313),12:00‚Äì01:00,1,1,1,1,1,1,0,1,1,0,1,1,1,0,1,0,1,1,1,1,1,0,0,1,0,1,1,1,1,0,1,1,1,1,1,1,1,1,0
136,Petrus-—å,–†–µ—Å—Ç–æ—Ä–∞–Ω —É–∫—Ä–∞—ó–Ω—Å—å–∫–æ—ó –∫—É—Ö–Ω—ñ,$$,"4,4",(2 106),–í—ñ–¥–∫—Ä–∏—Ç–æ 24 –≥–æ–¥–∏–Ω–∏,1,1,0,1,1,1,0,1,1,0,1,1,1,0,1,0,0,1,1,1,0,0,0,0,0,0,1,0,1,0,0,0,1,1,0,1,0,1,0
137,Crab's Burger,–†–µ—Å—Ç–æ—Ä–∞–Ω,$$$,"4,6",(596),11:00‚Äì22:00,0,0,0,0,0,0,0,0,0,0,1,1,0,0,0,0,0,1,0,1,1,0,0,0,0,0,0,0,1,0,0,0,0,0,0,0,0,1,1
138,Mon Cher,–†–µ—Å—Ç–æ—Ä–∞–Ω –ª—ñ–≤–∞–Ω—Å—å–∫–æ—ó –∫—É—Ö–Ω—ñ,$$,"4,6",(1 421),10:00‚Äì02:00,0,0,0,0,0,0,0,0,0,0,0,1,0,0,0,0,0,1,0,1,0,0,0,0,0,0,0,0,1,0,0,0,0,0,0,0,0,0,0
139,–ü—è–Ω-–°–µ –±–∞—Ä,–†–µ—Å—Ç–æ—Ä–∞–Ω,$$,"4,5",(1 549),11:00‚Äì23:00,1,1,0,0,1,1,0,1,1,0,1,1,0,0,1,0,0,1,1,1,1,0,1,0,0,0,0,1,1,0,0,0,1,1,0,0,0,1,0
140,–†—É–∫–∫–æ–ª–∞,–†–µ—Å—Ç–æ—Ä–∞–Ω —ñ—Ç–∞–ª—ñ–π—Å—å–∫–æ—ó –∫—É—Ö–Ω—ñ,$$,"4,0",(2 902),09:00‚Äì00:00,0,1,0,1,1,1,1,1,1,0,1,1,0,0,1,0,0,1,1,1,1,0,0,0,0,0,1,1,1,0,0,0,1,1,0,0,0,1,0
141,–°–æ—Ñ—Ä–∞ ‚Ä¢ –°–º–∞–∫ –ö—Ä–∏–º—É,–ï—Ç–Ω—ñ—á–Ω–∏–π —Ä–µ—Å—Ç–æ—Ä–∞–Ω,$$,"4,8",(966),11:00‚Äì22:00,0,0,0,0,0,0,0,0,0,0,0,1,0,0,0,0,0,1,0,1,0,0,0,0,0,0,0,0,1,0,0,0,0,0,0,0,0,0,0
142,Pesto Cafe,–†–µ—Å—Ç–æ—Ä–∞–Ω —ñ—Ç–∞–ª—ñ–π—Å—å–∫–æ—ó –∫—É—Ö–Ω—ñ,$$,"4,5",(1 515),10:00‚Äì23:00,0,0,0,0,0,0,1,1,0,0,0,1,1,0,0,1,0,1,0,1,0,0,0,0,0,0,1,0,1,0,0,0,1,0,0,0,0,0,0
143,–†—É–∫–∫–æ–ª–∞,–†–µ—Å—Ç–æ—Ä–∞–Ω —ñ—Ç–∞–ª—ñ–π—Å—å–∫–æ—ó –∫—É—Ö–Ω—ñ,$$,"4,0",(1 001),10:00‚Äì23:00,0,0,0,0,0,0,0,1,0,0,0,1,0,0,0,0,0,1,0,1,0,0,0,0,0,0,1,0,1,0,0,0,0,0,0,0,0,0,1
144,Taco House —Å—ñ–º–µ–π–Ω–∏–π —Ä–µ—Å—Ç–æ—Ä–∞–Ω –º–µ–∫—Å–∏–∫–∞–Ω—Å—å–∫–æ—ó –∫—É—Ö–Ω—ñ,–†–µ—Å—Ç–æ—Ä–∞–Ω –º–µ–∫—Å–∏–∫–∞–Ω—Å—å–∫–æ—ó –∫—É—Ö–Ω—ñ,$$,"4,4",(257),11:00‚Äì23:00,0,0,0,0,0,0,0,0,0,0,0,1,0,0,0,0,0,1,0,1,0,0,0,0,0,0,0,0,1,0,0,0,0,0,0,0,0,0,0
145,YAK –ù–∞ –ö—Ä–∏–ª–∞—Ö,–ì—Ä–∏–ª—å-–±–∞—Ä,$$,"4,5",(1 730),11:00‚Äì23:00,1,1,0,0,1,0,1,1,0,0,1,1,0,0,1,0,0,1,1,1,1,0,0,0,0,1,0,1,1,0,0,1,1,0,1,1,0,1,1
146,–ö–æ–∑–∞—á–æ–∫,–†–µ—Å—Ç–æ—Ä–∞–Ω,$$,"4,4",(541),08:00‚Äì00:00,0,0,0,0,0,0,0,0,0,0,1,1,0,0,0,0,0,1,0,1,1,0,0,0,0,0,0,0,1,0,0,0,0,0,0,0,0,1,1
147,Dogz&Burgerz / –î–æ–≥–∑&–ë—É—Ä–≥–µ—Ä–∑,–†–µ—Å—Ç–æ—Ä–∞–Ω,$$,"4,4",(608),10:00‚Äì22:00,0,0,0,0,0,0,0,0,0,0,0,1,0,0,0,0,0,0,0,1,0,0,0,0,0,0,0,0,1,0,0,0,0,0,0,0,0,0,0
148,–°—É—à—ñ—è,–†–µ—Å—Ç–æ—Ä–∞–Ω —è–ø–æ–Ω—Å—å–∫–æ—ó –∫—É—Ö–Ω—ñ,$$,"3,9",(579),10:00‚Äì22:00,0,0,0,0,0,0,0,0,1,0,1,1,0,0,0,0,0,1,1,1,0,0,0,0,0,0,1,0,1,0,0,0,1,0,0,0,0,1,0
149,–•–£–†–ú–ê,–†–µ—Å—Ç–æ—Ä–∞–Ω –≥—Ä—É–∑–∏–Ω—Å—å–∫–æ—ó –∫—É—Ö–Ω—ñ,$$,"4,2",(1 697),10:00‚Äì23:00,0,0,0,0,0,0,0,0,0,0,0,1,0,0,0,0,0,1,1,1,0,0,0,0,0,0,0,0,1,0,0,0,0,0,0,0,0,0,0
150,MarketPlaza –ú–µ—Ä–∫—Å,–†–µ—Å—Ç–æ—Ä–∞–Ω,$$,"4,3",(164),08:00‚Äì19:00,0,0,0,0,0,0,0,0,0,0,0,1,0,0,0,0,0,0,0,1,1,0,0,0,0,0,1,0,1,0,0,0,0,0,0,0,0,1,0
151,Satori restaurant & bar,–†–µ—Å—Ç–æ—Ä–∞–Ω,$$,"4,7",(392),12:00‚Äì00:00,1,1,0,0,0,0,0,1,0,0,1,1,0,0,1,0,0,1,0,1,1,0,0,0,0,0,0,0,0,0,0,1,1,1,0,1,0,1,1
152,Fish Dash,–†–µ—Å—Ç–æ—Ä–∞–Ω —Å–µ—Ä–µ–¥–∑–µ–º–Ω–æ–º–æ—Ä—Å—å–∫–æ—ó –∫—É—Ö–Ω—ñ,$$,"4,6",(313),12:00‚Äì01:00,1,1,1,1,1,1,0,1,1,0,1,1,1,0,1,0,1,1,1,1,1,0,0,1,0,1,1,1,1,0,1,1,1,1,1,1,1,1,0
153,–®–∞—Ç–æ –¥–µ –í–∞–Ω–¥–æ–º (Chateau de Vend√¥me),–†–µ—Å—Ç–æ—Ä–∞–Ω,$$,"4,4",(207),11:00‚Äì22:00,1,1,0,1,1,1,0,1,0,0,1,1,1,1,1,0,0,1,1,1,1,0,1,0,0,0,0,1,1,0,0,0,1,0,1,1,0,1,0
154,–ú—É—Ä-–º—É—Ä,–†–µ—Å—Ç–æ—Ä–∞–Ω —î–≤—Ä–æ–ø–µ–π—Å—å–∫–æ—ó –∫—É—Ö–Ω—ñ,$$$,"4,3",(693),12:00‚Äì02:00,0,0,0,0,0,0,0,0,0,0,1,1,0,0,0,0,0,1,0,1,1,0,0,0,0,0,0,0,0,0,0,0,0,0,0,0,0,1,1
155,Marketplaza,–†–µ—Å—Ç–æ—Ä–∞–Ω,$$,"4,1",(557),08:00‚Äì22:00,0,0,0,0,0,0,0,1,0,0,1,1,0,0,1,0,0,1,0,1,1,0,0,0,0,0,1,0,1,0,0,0,1,1,0,0,0,0,0
156,–Ü–∫—ñ–≥–∞—ñ,–†–µ—Å—Ç–æ—Ä–∞–Ω —è–ø–æ–Ω—Å—å–∫–æ—ó –∫—É—Ö–Ω—ñ,$$$$,"3,6",(278),12:00‚Äì00:00,1,1,1,0,1,1,1,1,1,0,1,1,1,0,1,0,0,1,1,1,1,1,1,0,0,1,0,1,1,1,1,0,1,0,0,1,0,1,0
157,–Ñ–≤—Ä–∞–∑—ñ—è,–†–µ—Å—Ç–æ—Ä–∞–Ω –∞–∑—ñ–π—Å—å–∫–æ—ó –∫—É—Ö–Ω—ñ,$$,"4,2",(1 047),11:00‚Äì23:00,0,1,1,1,1,1,1,1,1,0,1,1,1,0,1,0,0,1,1,1,1,0,0,0,0,0,1,1,1,0,0,0,1,0,0,0,0,1,1
158,–ù–∞-–î–µ—Ü—É-–î–æ-–ì–∞–∑–¥–∏,–ï—Ç–Ω—ñ—á–Ω–∏–π —Ä–µ—Å—Ç–æ—Ä–∞–Ω,$$,"4,5",(936),11:00‚Äì23:00,0,0,0,0,0,0,0,1,0,0,1,1,1,0,0,0,0,1,0,1,1,0,0,0,0,0,0,0,1,0,0,0,0,0,0,0,0,1,0
159,–û–ª—å–º–µ–∫–∞ –ü–ª—è–∂,–†–µ—Å—Ç–æ—Ä–∞–Ω,$$$,"4,4",(1 349),09:00‚Äì23:00,0,0,0,0,1,0,0,0,0,0,1,1,0,0,0,0,0,1,0,1,1,0,0,0,0,0,0,0,1,0,0,0,0,0,1,0,0,1,1
160,–Ñ–≤—Ä–∞–∑—ñ—è,–†–µ—Å—Ç–æ—Ä–∞–Ω —è–ø–æ–Ω—Å—å–∫–æ—ó –∫—É—Ö–Ω—ñ,$$,"4,2",(4 636),10:00‚Äì05:00,0,1,0,1,1,1,1,1,1,0,1,1,1,0,1,0,0,1,1,1,1,0,0,0,0,0,0,1,1,1,0,0,1,0,0,0,0,1,1
161,–ö–æ–∑–∞—á–æ–∫ –Ω–∞ –°–æ–≤–∫–∞—Ö,–†–µ—Å—Ç–æ—Ä–∞–Ω —É–∫—Ä–∞—ó–Ω—Å—å–∫–æ—ó –∫—É—Ö–Ω—ñ,$$,"4,2",(565),10:00‚Äì00:00,0,1,0,0,1,1,1,0,0,0,1,1,0,1,1,0,0,1,1,1,1,0,1,1,0,1,0,1,1,0,0,1,1,1,1,0,0,1,1
162,Pesto Cafe,–†–µ—Å—Ç–æ—Ä–∞–Ω —ñ—Ç–∞–ª—ñ–π—Å—å–∫–æ—ó –∫—É—Ö–Ω—ñ,$$,"4,1",(619),10:00‚Äì23:00,0,1,1,1,1,0,1,1,0,0,1,1,0,0,1,1,0,1,0,1,1,0,0,0,0,0,1,0,1,1,1,0,1,1,0,0,0,1,0
163,Mafia,–†–µ—Å—Ç–æ—Ä–∞–Ω,$$,"3,9",(2 029),10:00‚Äì05:00,0,1,0,1,1,1,1,1,1,0,1,1,0,0,1,0,0,1,1,1,1,0,0,1,0,0,1,1,1,0,0,0,1,1,0,0,1,1,1
164,Fish Dash,–†–µ—Å—Ç–æ—Ä–∞–Ω —Å–µ—Ä–µ–¥–∑–µ–º–Ω–æ–º–æ—Ä—Å—å–∫–æ—ó –∫—É—Ö–Ω—ñ,$$,"4,6",(313),12:00‚Äì01:00,1,1,1,1,1,1,0,1,1,0,1,1,1,0,1,0,1,1,1,1,1,0,0,1,0,1,1,1,1,0,1,1,1,1,1,1,1,1,0
165,–î–∂—É–Ω–≥–æ,–†–µ—Å—Ç–æ—Ä–∞–Ω –∫–∏—Ç–∞–π—Å—å–∫–æ—ó –∫—É—Ö–Ω—ñ,$$,"4,1",(150),10:00‚Äì22:00,0,0,0,0,0,0,0,0,0,0,0,1,0,0,0,0,0,1,0,1,0,0,0,0,0,0,0,0,1,0,0,0,0,0,0,0,0,0,0
166,il Molino,–†–µ—Å—Ç–æ—Ä–∞–Ω,$$,"4,3",(570),11:00‚Äì23:00,0,0,1,0,0,1,1,1,0,0,1,1,0,0,0,0,0,1,0,1,1,0,0,0,0,0,1,0,1,1,1,0,0,0,0,0,0,1,1
167,Sushi-Point,–†–µ—Å—Ç–æ—Ä–∞–Ω —Å—É—à—ñ,$$,"4,1",(102),10:00‚Äì22:00,0,0,0,0,0,0,0,0,0,0,0,1,0,0,0,0,0,0,0,1,0,0,0,0,0,0,1,0,1,0,0,0,0,0,0,0,0,0,0
168,–°—É—à—ñ—è,–†–µ—Å—Ç–æ—Ä–∞–Ω —è–ø–æ–Ω—Å—å–∫–æ—ó –∫—É—Ö–Ω—ñ,$$,"4,2",(1 447),11:00‚Äì22:00,0,1,0,0,0,1,1,1,1,1,1,1,1,1,1,1,0,1,1,1,1,0,0,0,0,1,1,1,1,0,1,1,0,1,0,1,1,1,0
169,Ozero,–†–µ—Å—Ç–æ—Ä–∞–Ω,$$,"4,3",(682),11:00‚Äì23:00,1,1,1,1,1,1,1,1,0,0,1,1,1,0,1,0,0,1,0,1,1,1,0,1,0,0,1,1,1,1,1,1,1,1,1,1,0,1,1
170,–§–æ—Ä—Ç–µ—Ü—è,–†–µ—Å—Ç–æ—Ä–∞–Ω,$$$,"4,5",(1 349),–í—ñ–¥–∫—Ä–∏—Ç–æ 24 –≥–æ–¥–∏–Ω–∏,0,0,0,0,0,1,1,1,1,0,1,1,0,0,0,0,0,1,0,1,1,0,0,1,0,0,0,0,1,0,0,0,0,0,0,0,0,1,1
171,–Ñ–≤—Ä–∞–∑—ñ—è,–†–µ—Å—Ç–æ—Ä–∞–Ω —è–ø–æ–Ω—Å—å–∫–æ—ó –∫—É—Ö–Ω—ñ,$$,"4,2",(6 035),10:00‚Äì05:00,0,1,0,1,1,1,1,1,1,0,1,1,1,0,1,1,0,1,1,1,1,0,0,0,0,0,0,1,1,0,0,1,1,0,0,1,0,1,1
172,–ì—ñ–º–∞–ª–∞—ó,–†–µ—Å—Ç–æ—Ä–∞–Ω —ñ–Ω–¥—ñ–π—Å—å–∫–æ—ó –∫—É—Ö–Ω—ñ,$$,"4,4",(1 437),11:00‚Äì23:00,0,0,0,0,0,0,0,1,0,0,0,1,0,0,0,0,0,1,0,1,0,0,0,0,0,0,0,0,1,0,0,0,0,0,0,0,0,0,0
173,–†—É–∫–∫–æ–ª–∞,–†–µ—Å—Ç–æ—Ä–∞–Ω —ñ—Ç–∞–ª—ñ–π—Å—å–∫–æ—ó –∫—É—Ö–Ω—ñ,$$,"4,1",(1 022),11:00‚Äì23:00,0,1,0,1,1,1,1,1,1,0,1,1,0,0,1,0,0,1,1,1,0,0,0,0,0,0,1,1,1,1,0,0,1,1,0,0,0,1,1
174,Mushlya Bar / –ú—É—à–ª—è –±–∞—Ä,–†–µ—Å—Ç–æ—Ä–∞–Ω,$$,"4,3",(2 460),10:00‚Äì23:00,1,0,0,0,0,0,0,0,0,0,1,1,0,0,0,1,0,1,1,1,1,0,0,0,1,0,0,0,1,0,0,0,1,0,1,1,0,1,0
175,–ß–æ—Ä–Ω–æ–º–æ—Ä–∫–∞ –ü–æ–¥—ñ–ª,–†–∏–±–Ω–∏–π —Ä–µ—Å—Ç–æ—Ä–∞–Ω,$$,"4,6",(2 549),09:00‚Äì23:00,1,1,0,0,1,1,0,0,1,0,1,1,1,0,1,0,0,1,1,1,0,0,0,0,1,1,1,1,1,0,0,1,1,1,0,1,0,1,0
176,–ú—ñ—Å—Ç–µ—Ä –ö–µ—Ç,–ü—ñ—Ü–µ—Ä—ñ—è,$$,"3,8",(7 268),–í—ñ–¥–∫—Ä–∏—Ç–æ 24 –≥–æ–¥–∏–Ω–∏,0,0,0,1,0,1,1,1,0,0,1,1,0,0,0,0,0,1,0,1,1,0,1,0,0,0,1,0,1,1,1,0,0,0,0,0,0,1,1
177,Pesto Cafe,–†–µ—Å—Ç–æ—Ä–∞–Ω —ñ—Ç–∞–ª—ñ–π—Å—å–∫–æ—ó –∫—É—Ö–Ω—ñ,$$,"4,3",(2 406),10:00‚Äì23:00,0,0,0,0,0,0,1,1,0,0,0,1,0,0,0,0,0,1,0,1,0,0,0,0,0,0,1,0,1,0,0,0,0,0,0,0,0,0,0
178,Fish Dash,–†–µ—Å—Ç–æ—Ä–∞–Ω —Å–µ—Ä–µ–¥–∑–µ–º–Ω–æ–º–æ—Ä—Å—å–∫–æ—ó –∫—É—Ö–Ω—ñ,$$,"4,6",(313),12:00‚Äì01:00,1,1,1,1,1,1,0,1,1,0,1,1,1,0,1,0,1,1,1,1,1,0,0,1,0,1,1,1,1,0,1,1,1,1,1,1,1,1,0
179,–õ—é–±—á–∏–∫ –Ω–∞ –ë–µ—Å—Å–∞—Ä–∞–±—Ü—ñ / Lyubchik restaurant,–†–µ—Å—Ç–æ—Ä–∞–Ω,$$,"4,3",(629),09:00‚Äì23:00,0,0,0,0,0,0,0,0,0,0,1,1,0,0,0,0,0,1,0,1,1,0,0,0,0,0,0,0,1,0,0,0,0,0,0,0,0,1,0
180,Dogz&Burgerz / –î–æ–≥–∑&–ë—É—Ä–≥–µ—Ä–∑,–†–µ—Å—Ç–æ—Ä–∞–Ω,$$,"4,1",(253),10:00‚Äì23:00,0,0,0,0,0,0,0,0,0,0,0,1,0,0,0,0,0,0,0,1,0,0,0,0,0,0,0,0,1,0,0,0,0,0,0,0,0,0,0
181,–°–µ–ª—ë–¥–æ—á–Ω–∞—è,–†–µ—Å—Ç–æ—Ä–∞–Ω,$$,"4,6",(818),11:00‚Äì23:00,0,0,0,0,0,0,0,0,0,0,1,1,0,0,0,0,0,1,0,1,1,0,0,0,0,0,0,0,1,0,0,0,0,0,0,0,0,1,0
182,–†–µ—Å—Ç–æ—Ä–∞–Ω Garden,–†–µ—Å—Ç–æ—Ä–∞–Ω,$$,"4,6",(413),12:00‚Äì00:00,1,1,1,0,1,1,0,0,1,0,1,1,0,0,1,0,0,1,1,1,1,0,1,0,1,1,0,1,1,0,0,1,1,0,1,0,0,1,0
183,Vano Ivano Georgian Village,–†–µ—Å—Ç–æ—Ä–∞–Ω,$$,"4,4",(335),11:00‚Äì23:00,0,0,0,0,0,0,0,0,0,0,1,1,0,0,0,0,0,1,0,1,1,0,0,0,0,0,0,0,1,0,0,0,0,0,0,0,0,1,0
184,–ó–∞–∫–∞—Ä–ø–∞—Ç—Å—å–∫–∞ –∫–æ–ª–∏–±–∞,–†–µ—Å—Ç–æ—Ä–∞–Ω —É–∫—Ä–∞—ó–Ω—Å—å–∫–æ—ó –∫—É—Ö–Ω—ñ,$$,"4,3",(944),11:00‚Äì00:00,0,0,0,0,0,0,0,0,0,0,0,1,0,0,0,0,0,1,0,1,0,0,0,0,0,0,0,0,1,0,0,0,0,0,0,0,0,0,0
185,Kyiv Food Market,–†–µ—Å—Ç–æ—Ä–∞–Ω,$$$,"4,5",(2 024),08:00‚Äì23:00,1,1,0,0,1,0,0,1,0,0,1,1,1,0,1,0,0,0,1,1,1,1,1,0,0,1,0,0,1,1,1,0,1,1,1,0,0,1,0
186,Buffalo,–ë—ñ–ª—å—è—Ä–¥,$$,"4,6",(626),12:00‚Äì01:00,0,0,0,0,0,0,0,0,0,0,1,1,0,0,0,0,0,1,0,1,0,0,0,1,0,0,0,0,0,0,0,0,0,0,0,0,0,1,1
187,Fish Dash,–†–µ—Å—Ç–æ—Ä–∞–Ω —Å–µ—Ä–µ–¥–∑–µ–º–Ω–æ–º–æ—Ä—Å—å–∫–æ—ó –∫—É—Ö–Ω—ñ,$$,"4,6",(313),12:00‚Äì01:00,1,1,1,1,1,1,0,1,1,0,1,1,1,0,1,0,1,1,1,1,1,0,0,1,0,1,1,1,1,0,1,1,1,1,1,1,1,1,0
188,Sam's Steak House,–°—Ç–µ–π–∫-—Ö–∞—É—Å,$$$,"4,5",(1 404),10:00‚Äì23:00,0,0,0,0,0,0,0,0,0,0,0,1,0,0,0,0,0,1,0,1,0,0,0,0,0,0,0,0,1,0,0,0,0,0,0,0,0,0,0
189,VANO IVANO - —Ä–µ—Å—Ç–æ—Ä–∞–Ω –≥—Ä—É–∑–∏–Ω—Å–∫–æ–π –∫—É—Ö–Ω–∏ –≤ —Ü–µ–Ω—Ç—Ä–µ –ö–∏–µ–≤–∞,–†–µ—Å—Ç–æ—Ä–∞–Ω –≥—Ä—É–∑–∏–Ω—Å—å–∫–æ—ó –∫—É—Ö–Ω—ñ,$$,"4,5",(905),09:00‚Äì23:00,1,1,0,0,1,1,1,1,1,0,1,1,1,0,1,0,0,1,1,1,1,0,0,0,0,0,0,1,1,0,0,1,1,1,1,1,0,1,0
190,–®–∏–Ω–æ–∫,–†–µ—Å—Ç–æ—Ä–∞–Ω —É–∫—Ä–∞—ó–Ω—Å—å–∫–æ—ó –∫—É—Ö–Ω—ñ,$$$,"4,5",(784),11:00‚Äì23:00,1,1,0,1,1,1,1,1,1,0,1,1,1,0,1,0,0,1,1,1,1,0,1,0,0,1,0,1,1,1,1,0,1,1,1,1,0,1,0
191,Rock‚Äôn‚ÄôRo–ª—å–Ω–∏–∫ –ü–∞–±,–ü–∏–≤–Ω–∏–π —Ä–µ—Å—Ç–æ—Ä–∞–Ω,$,"4,7",(499),11:00‚Äì23:00,1,1,0,0,1,1,0,0,1,0,1,1,0,0,1,0,0,1,1,1,1,0,1,1,0,1,1,1,1,0,0,0,1,0,1,0,0,1,0
192,100 —Ä–æ–∫—ñ–≤ —Ç–æ–º—É –≤–ø–µ—Ä–µ–¥,–†–µ—Å—Ç–æ—Ä–∞–Ω —É–∫—Ä–∞—ó–Ω—Å—å–∫–æ—ó –∫—É—Ö–Ω—ñ,$$,"4,7",(786),11:00‚Äì23:00,1,1,0,0,1,0,0,1,1,0,1,1,0,0,1,0,0,1,1,1,1,0,0,0,0,1,1,1,1,0,0,0,1,1,1,1,0,1,0
193,MAFIA,–†–µ—Å—Ç–æ—Ä–∞–Ω,$$,"3,7",(2 045),11:00‚Äì05:00,0,1,1,1,1,1,1,1,0,0,1,1,0,0,1,0,0,1,1,1,1,0,0,0,0,0,1,1,1,0,0,0,1,1,0,0,0,1,1
194,–Ñ–≤—Ä–∞–∑—ñ—è,–†–µ—Å—Ç–æ—Ä–∞–Ω —è–ø–æ–Ω—Å—å–∫–æ—ó –∫—É—Ö–Ω—ñ,$$,"4,1",(3 171),10:00‚Äì05:00,0,1,0,1,1,1,1,1,1,0,1,1,0,0,1,0,0,1,1,1,1,0,0,0,0,0,0,1,1,0,0,0,1,0,0,1,0,1,1
195,William's Club Kyiv,–ù—ñ—á–Ω–∏–π –∫–ª—É–±,$$$,"4,2",(922),12:00‚Äì02:00,1,0,0,0,0,0,0,0,0,0,1,1,0,0,0,0,0,1,0,1,0,0,0,0,0,0,0,1,0,0,0,1,0,0,1,0,0,1,1
196,–ß–µ—Ä–Ω–æ–º–æ—Ä–∫–∞ –ú–µ–ª—å–Ω–∏–∫–æ–≤–∞,–†–µ—Å—Ç–æ—Ä–∞–Ω,$$,"4,5",(878),09:00‚Äì23:00,1,1,0,0,1,1,0,0,1,0,1,1,1,0,1,0,0,1,1,1,1,0,0,0,0,1,0,1,1,0,0,0,1,0,1,1,0,1,1
197,–ü—ñ—Ü–µ—Ä—ñ—è ItaliAnna,–ü—ñ—Ü–µ—Ä—ñ—è,$$,"4,5",(247),12:00‚Äì23:00,0,0,0,0,0,0,0,0,0,0,0,1,0,0,0,0,0,1,0,1,0,0,0,0,0,0,1,0,1,0,0,0,0,0,0,0,0,0,0
198,Menya Musashi,–†–µ—Å—Ç–æ—Ä–∞–Ω –∞–≤—Ç–µ–Ω—Ç–∏—á–Ω–æ—ó —è–ø–æ–Ω—Å—å–∫–æ—ó –∫—É—Ö–Ω—ñ,$$,"4,6",(319),11:00‚Äì23:00,1,1,0,1,1,1,1,1,0,0,1,1,0,0,1,1,0,1,1,1,0,0,1,0,1,1,1,1,1,1,0,0,1,0,0,0,1,1,0
199,–¢–æ–≤—Å—Ç–∏–π —ñ –¢–æ–Ω–∫–∏–π,–†–µ—Å—Ç–æ—Ä–∞–Ω,$$$,"4,6",(609),12:00‚Äì00:00,1,1,0,0,1,1,0,1,1,0,1,1,0,1,1,0,0,1,1,1,1,0,0,1,0,1,1,1,1,0,0,1,1,0,1,1,0,1,1
200,VANO IVANO SHOTA RUSTAVELI - —Ä–µ—Å—Ç–æ—Ä–∞–Ω –≥—Ä—É–∑–∏–Ω—Å–∫–æ–π –∫—É—Ö–Ω–∏ –≤ –ö–∏–µ–≤–µ,–†–µ—Å—Ç–æ—Ä–∞–Ω –≥—Ä—É–∑–∏–Ω—Å—å–∫–æ—ó –∫—É—Ö–Ω—ñ,$$,"4,5",(493),11:00‚Äì23:00,1,1,0,0,1,1,1,1,1,0,1,1,0,0,1,0,0,1,1,1,1,0,0,0,0,0,0,1,1,0,0,0,1,1,1,0,0,1,0
201,–ê–ø–µ–ª—å—Å–∏–Ω,–†–µ—Å—Ç–æ—Ä–∞–Ω,$$,"4,2",(642),11:00‚Äì23:00,1,1,0,0,1,1,0,0,1,0,1,1,0,0,1,0,0,1,1,1,1,0,1,0,1,1,0,1,1,0,0,0,1,0,1,1,0,1,1
202,–õ—é–±–∏–º—ã–π –î—è–¥—è,–†–µ—Å—Ç–æ—Ä–∞–Ω –±–ª–∏–∑—å–∫–æ—Å—Ö—ñ–¥–Ω–æ—ó –∫—É—Ö–Ω—ñ,$$$,"4,7",(4 321),08:00‚Äì23:00,1,1,0,0,0,1,1,1,0,0,1,1,0,1,1,0,0,1,1,1,1,0,1,0,0,0,0,1,1,0,0,0,1,1,1,1,0,1,0
203,Fish Dash,–†–µ—Å—Ç–æ—Ä–∞–Ω —Å–µ—Ä–µ–¥–∑–µ–º–Ω–æ–º–æ—Ä—Å—å–∫–æ—ó –∫—É—Ö–Ω—ñ,$$,"4,6",(313),12:00‚Äì01:00,1,1,1,1,1,1,0,1,1,0,1,1,1,0,1,0,1,1,1,1,1,0,0,1,0,1,1,1,1,0,1,1,1,1,1,1,1,1,0
204,–°—É—à—ñ –º–∞–π—Å—Ç–µ—Ä,–†–µ—Å—Ç–æ—Ä–∞–Ω —Å—É—à—ñ,$$,"3,7",(137),10:00‚Äì22:00,0,0,0,0,0,0,0,0,0,0,0,1,0,0,0,0,0,0,0,1,0,0,0,0,0,0,1,0,1,0,0,0,0,0,0,0,0,0,0
205,–§–∞–π–Ω–∞ –§–∞–º—ñ–ª—ñ—è,–†–µ—Å—Ç–æ—Ä–∞–Ω,$$,"4,6",(1 343),09:00‚Äì23:00,1,1,0,0,1,1,1,1,1,0,1,1,0,0,1,0,0,1,1,1,0,0,0,0,0,0,0,1,1,0,0,0,1,1,1,0,0,1,0
206,Chicken Kyiv,–†–µ—Å—Ç–æ—Ä–∞–Ω,$$,"4,5",(2 246),08:00‚Äì23:00,0,0,0,0,0,0,0,0,0,0,1,1,0,0,0,0,0,1,0,1,1,0,0,0,0,0,0,0,1,0,0,0,0,0,0,0,0,1,1
207,il Molino,–ü—ñ—Ü–µ—Ä—ñ—è,$$,"4,5",(1 664),11:00‚Äì23:00,0,0,1,0,0,0,1,1,0,0,0,1,0,0,0,0,0,1,0,1,0,0,0,0,0,0,1,0,1,1,0,0,0,0,0,0,0,0,0
208,Toscana Grill,–†–µ—Å—Ç–æ—Ä–∞–Ω —ñ—Ç–∞–ª—ñ–π—Å—å–∫–æ—ó –∫—É—Ö–Ω—ñ,$$$,"4,6",(1 497),09:00‚Äì00:00,0,0,0,0,0,0,0,0,0,0,0,1,0,0,0,0,0,1,0,1,0,0,0,0,0,0,1,0,1,1,0,0,0,0,0,0,0,0,0
209,–†—É–∫–∫–æ–ª–∞,–†–µ—Å—Ç–æ—Ä–∞–Ω —ñ—Ç–∞–ª—ñ–π—Å—å–∫–æ—ó –∫—É—Ö–Ω—ñ,$$,"4,3",(2 127),09:00‚Äì00:00,1,1,0,0,1,0,1,1,0,0,1,1,0,0,1,0,0,1,1,1,0,0,0,0,0,0,1,1,1,0,0,0,1,1,1,0,0,1,0
210,VANO IVANO Patio,–†–µ—Å—Ç–æ—Ä–∞–Ω –≥—Ä—É–∑–∏–Ω—Å—å–∫–æ—ó –∫—É—Ö–Ω—ñ,$$,"4,5",(594),11:00‚Äì23:00,0,1,0,0,1,1,1,1,1,0,1,1,0,0,1,1,0,1,1,1,1,0,1,1,0,0,1,1,1,0,0,1,1,1,1,1,0,1,0
211,–û—Ç–∞–º–∞–Ω—à–∞,–†–µ—Å—Ç–æ—Ä–∞–Ω,$$,"4,6",(1 248),10:00‚Äì23:00,1,0,1,0,1,1,1,1,0,0,1,1,1,1,1,0,0,1,1,1,1,0,1,0,0,0,1,0,1,0,1,0,0,1,0,0,0,1,1
212,–Ñ–≤—Ä–∞–∑—ñ—è,–†–µ—Å—Ç–æ—Ä–∞–Ω —î–≤—Ä–æ–ø–µ–π—Å—å–∫–æ—ó –∫—É—Ö–Ω—ñ,$$,"4,2",(2 213),10:00‚Äì23:00,0,1,0,1,1,0,1,1,1,0,1,1,0,0,1,0,0,1,1,1,1,0,0,0,0,0,0,1,1,0,0,0,1,0,0,0,0,1,0
213,–õ—é–±—á–∏–∫ –Ω–∞ –í–æ–∑–¥–≤–∏–∂–µ–Ω—Ü—ñ,–†–µ—Å—Ç–æ—Ä–∞–Ω,$$$,"4,4",(2 378),09:00‚Äì23:00,0,0,0,0,0,0,1,1,0,0,1,1,1,0,0,0,0,1,0,1,1,0,0,0,0,0,0,0,1,0,0,0,0,0,0,0,0,1,1
214,Fish Dash,–†–µ—Å—Ç–æ—Ä–∞–Ω —Å–µ—Ä–µ–¥–∑–µ–º–Ω–æ–º–æ—Ä—Å—å–∫–æ—ó –∫—É—Ö–Ω—ñ,$$,"4,6",(313),12:00‚Äì01:00,1,1,1,1,1,1,0,1,1,0,1,1,1,0,1,0,1,1,1,1,1,0,0,1,0,1,1,1,1,0,1,1,1,1,1,1,1,1,0
215,–õ—é–±—á–∏–∫ –Ω–∞ –í–æ–∑–¥–≤–∏–∂–µ–Ω—Ü—ñ,–†–µ—Å—Ç–æ—Ä–∞–Ω,$$$,"4,4",(2 378),09:00‚Äì23:00,0,0,0,0,0,0,1,1,0,0,1,1,1,0,0,0,0,1,0,1,1,0,0,0,0,0,0,0,1,0,0,0,0,0,0,0,0,1,1
216,GAGA,–†–µ—Å—Ç–æ—Ä–∞–Ω –≥—Ä—É–∑–∏–Ω—Å—å–∫–æ—ó –∫—É—Ö–Ω—ñ,$$,"4,2",(827),11:00‚Äì23:00,0,0,0,0,0,0,0,0,0,0,0,1,0,0,0,0,0,1,0,1,0,0,0,0,0,0,0,0,1,0,0,0,0,0,0,0,0,0,0
217,–°—É—à—ñ—è,–†–µ—Å—Ç–æ—Ä–∞–Ω —è–ø–æ–Ω—Å—å–∫–æ—ó –∫—É—Ö–Ω—ñ,$$,"4,1",(798),11:00‚Äì22:00,0,1,0,0,0,0,1,1,1,0,1,1,1,0,0,0,0,1,0,1,1,0,0,1,0,0,1,0,1,0,0,0,0,1,0,0,0,1,1
218,–ö–∞–Ω–∞–ø–∞,–†–µ—Å—Ç–æ—Ä–∞–Ω —É–∫—Ä–∞—ó–Ω—Å—å–∫–æ—ó –∫—É—Ö–Ω—ñ,$$,"4,5",(3 052),12:00‚Äì00:00,0,0,0,0,0,0,0,0,0,0,1,1,0,0,0,0,0,1,0,1,1,0,0,0,0,0,0,0,1,0,0,0,0,0,0,0,0,1,1
219,–ü–∞–Ω –ì–∞—Ä–±—É–∑–∏–∫,–†–µ—Å—Ç–æ—Ä–∞–Ω,$$,"4,4",(929),11:00‚Äì23:00,1,1,0,0,1,1,1,1,1,0,1,1,1,0,1,0,0,1,1,1,1,0,0,0,0,0,0,1,1,0,0,0,1,1,1,0,0,1,0
220,Antwerpen,–†–µ—Å—Ç–æ—Ä–∞–Ω –±–µ–ª—å–≥—ñ–π—Å—å–∫–æ—ó –∫—É—Ö–Ω—ñ,$$$,"4,6",(562),12:00‚Äì23:00,0,0,0,0,0,0,0,0,0,0,0,1,0,0,0,0,0,1,0,1,0,0,0,0,0,0,0,0,1,0,0,0,0,0,0,0,0,0,0
221,–ú—ñ—Ç–ª–∞,–†–µ—Å—Ç–æ—Ä–∞–Ω —É–∫—Ä–∞—ó–Ω—Å—å–∫–æ—ó –∫—É—Ö–Ω—ñ,$$,"4,5",(814),10:00‚Äì23:00,1,1,0,0,0,1,0,0,1,0,1,1,0,0,1,0,0,1,0,1,0,0,0,0,0,0,0,1,1,0,0,1,1,1,1,0,0,1,0
222,–°—É—à—ñ—è,–†–µ—Å—Ç–æ—Ä–∞–Ω —è–ø–æ–Ω—Å—å–∫–æ—ó –∫—É—Ö–Ω—ñ,$$,"4,1",(709),11:00‚Äì22:00,0,1,0,0,0,1,0,1,1,0,0,1,1,0,0,0,0,1,1,1,0,0,0,0,0,1,1,1,1,0,0,1,0,0,0,1,1,1,0
223,KIN KAO,–†–µ—Å—Ç–æ—Ä–∞–Ω –∞–∑—ñ–π—Å—å–∫–æ—ó –∫—É—Ö–Ω—ñ,$$,"4,5",(1 106),11:00‚Äì23:00,1,1,0,0,1,1,0,1,0,0,1,1,1,0,1,0,0,1,1,1,1,0,0,0,0,1,1,1,1,0,0,0,1,0,1,1,0,1,0
224,–ß–∞–Ω–≥,–†–µ—Å—Ç–æ—Ä–∞–Ω –≤'—î—Ç–Ω–∞–º—Å—å–∫–æ—ó –∫—É—Ö–Ω—ñ,$$,"4,7",(1 636),11:00‚Äì22:30,0,1,1,1,0,0,1,1,0,0,0,1,1,0,0,0,0,1,0,1,0,0,1,0,0,0,0,0,1,1,1,0,0,0,1,1,0,0,0
225,DOM ‚Ññ10,–†–µ—Å—Ç–æ—Ä–∞–Ω,$$,"4,8",(325),10:00‚Äì23:00,1,1,0,0,1,0,0,1,0,0,1,1,0,1,1,0,0,1,1,1,1,0,1,0,0,0,0,1,1,0,0,0,1,1,1,1,0,1,0
226,Crazy Quentin BAR,–†–µ—Å—Ç–æ—Ä–∞–Ω –≥—Ä—É–∑–∏–Ω—Å—å–∫–æ—ó –∫—É—Ö–Ω—ñ,$$,"4,4",(384),11:00‚Äì23:00,1,1,0,0,1,1,0,0,0,0,1,1,0,0,1,0,0,1,1,1,0,0,0,0,0,1,1,1,1,0,0,0,1,1,1,0,0,1,0
227,–†—É–∫–∫–æ–ª–∞,–†–µ—Å—Ç–æ—Ä–∞–Ω —ñ—Ç–∞–ª—ñ–π—Å—å–∫–æ—ó –∫—É—Ö–Ω—ñ,$$,"4,2",(511),11:00‚Äì23:00,0,0,0,0,0,1,1,1,0,0,0,1,0,0,0,0,0,1,0,1,0,0,0,0,0,0,1,0,1,0,0,0,0,0,0,0,0,0,1
228,Meydan Grill Restaurant,–†–µ—Å—Ç–æ—Ä–∞–Ω —Ç—É—Ä–µ—Ü—å–∫–æ—ó –∫—É—Ö–Ω—ñ,$$,"4,1",(493),–í—ñ–¥–∫—Ä–∏—Ç–æ 24 –≥–æ–¥–∏–Ω–∏,0,0,0,0,0,0,0,0,0,0,1,1,0,0,0,0,0,1,0,1,1,0,0,0,0,0,0,0,1,0,0,0,0,0,0,0,0,1,0
229,–•–∞—á–∞–ø—É—Ä–∏ –∏ –í–∏–Ω–æ,–†–µ—Å—Ç–æ—Ä–∞–Ω,$$,"4,5",(652),10:00‚Äì23:00,0,0,0,0,0,0,0,0,0,0,1,1,0,0,0,0,0,1,0,1,1,0,0,0,0,0,1,0,1,0,0,0,0,0,0,0,0,1,0
230,Fish Dash,–†–µ—Å—Ç–æ—Ä–∞–Ω —Å–µ—Ä–µ–¥–∑–µ–º–Ω–æ–º–æ—Ä—Å—å–∫–æ—ó –∫—É—Ö–Ω—ñ,$$,"4,6",(313),12:00‚Äì01:00,1,1,1,1,1,1,0,1,1,0,1,1,1,0,1,0,1,1,1,1,1,0,0,1,0,1,1,1,1,0,1,1,1,1,1,1,1,1,0
231,Italian Edition,–†–µ—Å—Ç–æ—Ä–∞–Ω —ñ—Ç–∞–ª—ñ–π—Å—å–∫–æ—ó –∫—É—Ö–Ω—ñ,$$$,"4,6",(843),08:00‚Äì00:00,1,1,0,0,1,1,0,1,1,0,1,1,0,0,1,0,0,1,1,1,1,0,1,0,0,1,0,1,1,0,0,0,1,1,1,0,0,1,1
232,–•–∏–Ω–∫–∞–ª–∏ –Ω–∞ –û–±–æ–ª–æ–Ω–∏,–†–µ—Å—Ç–æ—Ä–∞–Ω –≥—Ä—É–∑–∏–Ω—Å—å–∫–æ—ó –∫—É—Ö–Ω—ñ,$$,"4,6",(180),11:00‚Äì23:00,0,0,0,0,0,0,0,0,0,0,0,1,0,0,0,0,0,1,0,1,0,0,0,0,0,0,0,0,1,0,0,0,0,0,0,0,0,0,0
233,Almondo Karaoke&Party bar,–†–µ—Å—Ç–æ—Ä–∞–Ω,$$$$,"4,3",(631),–í—ñ–¥–∫—Ä–∏–≤. –æ 20:00,1,1,0,0,0,1,0,0,1,0,1,1,0,0,1,0,0,1,1,1,1,0,0,0,0,1,0,1,0,0,0,0,1,1,1,1,0,1,1
234,Mr.Grill Hotdogs & Burgers,–†–µ—Å—Ç–æ—Ä–∞–Ω –∞–º–µ—Ä–∏–∫–∞–Ω—Å—å–∫–æ—ó –∫—É—Ö–Ω—ñ,$$,"4,5",(1 200),10:00‚Äì23:00,1,0,0,0,0,0,0,0,0,0,1,1,0,0,1,0,0,1,0,1,1,0,0,0,0,0,0,0,1,0,0,0,1,0,1,0,0,1,0
235,–õ–∞–Ω—Å–µ–ª–æ—Ç,–†–µ—Å—Ç–æ—Ä–∞–Ω,$$,"4,3",(414),10:00‚Äì23:00,0,0,0,0,0,0,0,0,0,0,1,1,0,0,0,0,0,1,0,1,1,0,0,0,0,0,0,0,1,0,0,0,0,0,0,0,0,1,1
236,–•–∞—Ç–∞ –≥—Ä–∏–ª—å,–†–µ—Å—Ç–æ—Ä–∞–Ω,$$,"3,9",(79),10:00‚Äì23:00,0,0,0,0,0,0,0,0,0,0,1,1,0,0,0,0,0,1,0,1,1,0,0,0,0,0,0,0,1,0,0,0,0,0,0,0,0,1,0
237,–†—É–∫–∫–æ–ª–∞,–†–µ—Å—Ç–æ—Ä–∞–Ω —ñ—Ç–∞–ª—ñ–π—Å—å–∫–æ—ó –∫—É—Ö–Ω—ñ,$$,"4,2",(234),10:00‚Äì23:00,0,0,0,0,0,1,1,1,0,0,0,1,1,0,0,0,0,1,0,1,0,0,0,0,0,0,1,0,1,0,0,0,0,0,0,0,0,0,0
238,–í–µ–ª—é—Ä,–†–µ—Å—Ç–æ—Ä–∞–Ω,$$$$,"4,4",(351),09:00‚Äì06:00,0,0,0,0,0,0,0,0,0,0,1,1,0,0,0,0,0,1,0,1,1,0,0,0,0,0,0,0,1,0,0,0,0,0,0,0,0,1,1
239,–Ü—Ç–∞–ª—ñ—î—Ü—å —ñ–∑ –ë–µ–π—Ä—É—Ç–∞ –ª—ñ–≤–∞–Ω—Å—å–∫–∞ —Ç–∞ —ñ—Ç–∞–ª—ñ–π—Å—å–∫–∞ –∫—É—Ö–Ω—è,–†–µ—Å—Ç–æ—Ä–∞–Ω –ª—ñ–≤–∞–Ω—Å—å–∫–æ—ó –∫—É—Ö–Ω—ñ,$$,"4,6",(569),10:00‚Äì23:00,1,1,0,1,1,1,0,1,1,0,1,1,0,0,1,1,0,1,1,1,1,0,1,0,0,1,1,1,1,0,0,0,1,1,0,0,0,1,0
240,Fish Dash,–†–µ—Å—Ç–æ—Ä–∞–Ω —Å–µ—Ä–µ–¥–∑–µ–º–Ω–æ–º–æ—Ä—Å—å–∫–æ—ó –∫—É—Ö–Ω—ñ,$$,"4,6",(313),12:00‚Äì01:00,1,1,1,1,1,1,0,1,1,0,1,1,1,0,1,0,1,1,1,1,1,0,0,1,0,1,1,1,1,0,1,1,1,1,1,1,1,1,0
241,–°—ñ–º–µ–π–Ω–∞ –∫–∞–≤'—è—Ä–Ω—è,–î–∏—Ç—è—á–µ –∫–∞—Ñ–µ,$$,"4,2",(117),11:00‚Äì22:00,0,0,0,0,0,0,0,0,0,0,0,1,0,0,0,0,0,1,0,1,0,0,0,0,0,0,0,0,1,0,0,0,0,0,0,0,0,1,0
242,Mamamia!,–ü—ñ—Ü–µ—Ä—ñ—è,$$,"4,5",(379),09:00‚Äì23:00,0,0,0,0,0,1,1,0,0,0,0,1,1,0,0,0,0,1,0,1,1,0,0,0,0,0,1,0,1,0,0,0,0,0,1,0,0,1,1
243,–î—É–º–∫–∞,–†–µ—Å—Ç–æ—Ä–∞–Ω,$$,"4,7",(419),12:00‚Äì23:00,0,0,0,0,0,0,1,0,1,0,1,1,0,0,0,0,0,1,0,1,1,0,0,0,0,0,0,0,1,0,0,0,0,0,0,0,0,1,1
244,–ö—Ä–∏–ª–∞,–ó–∞–∫–ª–∞–¥ —à–≤–∏–¥–∫–æ–≥–æ —Ö–∞—Ä—á—É–≤–∞–Ω–Ω—è,$$,"4,0",(101),10:00‚Äì22:00,0,0,0,0,0,0,0,0,0,0,0,1,0,0,0,0,0,0,0,0,0,0,0,0,0,0,0,0,1,0,0,0,0,0,0,0,0,0,0
245,il Molino,–ü—ñ—Ü–µ—Ä—ñ—è,$$,"4,5",(1 483),11:00‚Äì23:00,1,1,0,0,1,1,1,0,0,0,1,1,0,0,1,0,0,1,1,1,0,0,0,0,0,0,1,0,1,0,0,0,1,0,1,0,0,1,1
246,Domino's Pizza,–ü—ñ—Ü–µ—Ä—ñ—è,$$,"4,3",(821),10:00‚Äì00:00,1,1,0,1,0,1,0,0,0,0,0,1,0,0,0,0,0,0,0,1,0,0,0,0,0,0,1,0,1,0,0,0,0,0,1,0,0,0,0
247,Fish Dash,–†–µ—Å—Ç–æ—Ä–∞–Ω —Å–µ—Ä–µ–¥–∑–µ–º–Ω–æ–º–æ—Ä—Å—å–∫–æ—ó –∫—É—Ö–Ω—ñ,$$,"4,6",(313),12:00‚Äì01:00,1,1,1,1,1,1,0,1,1,0,1,1,1,0,1,0,1,1,1,1,1,0,0,1,0,1,1,1,1,0,1,1,1,1,1,1,1,1,0
248,Domino's Pizza,–ü—ñ—Ü–µ—Ä—ñ—è,$$,"4,3",(821),10:00‚Äì00:00,1,1,0,1,0,1,0,0,0,0,0,1,0,0,0,0,0,0,0,1,0,0,0,0,0,0,1,0,1,0,0,0,0,0,1,0,0,0,0
249,–ú–∞–∫–î–æ–Ω–∞–ª—å–¥–∑,–ó–∞–∫–ª–∞–¥ —à–≤–∏–¥–∫–æ–≥–æ —Ö–∞—Ä—á—É–≤–∞–Ω–Ω—è,$$,"4,4",(7 793),06:00‚Äì00:00,0,0,1,0,0,1,1,1,1,0,0,1,0,0,1,0,0,0,0,1,0,1,0,0,0,0,0,0,1,1,1,0,0,1,0,0,0,0,0
250,"Pizza House - –¥–æ—Å—Ç–∞–≤–∫–∞ –ø–∏—Ü—Ü—ã, —Å—É—à–∏, wok",–ü—ñ—Ü–µ—Ä—ñ—è,$$,"4,0",(519),10:30‚Äì22:30,0,0,0,0,0,0,1,1,0,0,0,1,0,0,0,0,0,1,0,1,0,0,0,0,0,0,1,0,1,0,0,0,0,0,1,0,0,0,0
251,–°—É—à–∏ Wok,–†–µ—Å—Ç–æ—Ä–∞–Ω —Å—É—à—ñ,$$,"2,6",(21),10:00‚Äì22:00,0,0,0,0,0,0,0,0,0,0,0,0,0,0,0,0,0,0,0,1,0,0,0,0,0,0,0,0,1,0,0,0,0,0,0,0,0,0,0
